11,-59,6
11,-60,5
11,-61,6
10,-61,6
3,-32,190
6,-32,191
5,-28,191
3,-28,191
7,-31,192
7,-27,192
7,-24,192
5,-24,191
2,-25,191
3,-44,154
6,-44,154
6,-45,158
3,-45,158
7,-45,154
7,-46,158
7,-46,162
6,-46,162
3,-45,162
-4,-20,157
-6,-24,155
-7,-25,159
-5,-21,161
-6,-30,154
-7,-31,157
-8,-32,161
-8,-26,162
-6,-21,163
-11,-32,167
-12,-32,170
-12,-29,169
-11,-28,167
-13,-33,173
-12,-29,172
-11,-25,173
-11,-25,170
-10,-25,168
10,-61,7
10,-60,6
10,-60,7
0,-16,188
-2,-17,188
-1,-21,190
1,-20,190
-3,-18,187
-3,-21,189
-3,-25,190
-1,-25,191
5,-48,171
1,-47,170
0,-45,167
4,-46,167
-1,-48,170
-3,-46,170
-7,-45,171
-5,-42,166
-4,-41,162
0,-44,162
3,-16,158
0,-17,158
-2,-18,161
1,-16,161
-3,-18,164
0,-16,163
-5,-75,185
-7,-74,185
-7,-74,184
-5,-75,184
-9,-73,185
-9,-73,184
-8,-73,182
-7,-74,182
-5,-74,182
-1,-14,168
-4,-17,168
-5,-16,171
-2,-14,172
-7,-19,168
-7,-18,171
-8,-18,173
-5,-16,174
-3,-14,174
3,-16,190
4,-13,189
1,-13,188
7,-16,191
7,-13,190
7,-11,189
5,-11,188
3,-12,187
1,-13,172
1,-12,169
0,-13,175
1,-11,175
2,-11,173
4,-10,170
0,-32,191
0,-37,189
3,-36,189
-4,-33,191
-4,-37,190
-3,-41,188
0,-40,188
3,-40,187
-10,-33,187
-11,-33,183
-11,-38,183
-9,-37,186
-12,-33,179
-11,-37,179
-10,-41,179
-10,-41,182
-9,-41,185
-9,-32,164
-8,-38,166
-10,-36,168
-7,-37,161
-9,-41,169
-10,-39,169
-7,-33,113
-5,-36,112
-5,-38,113
-7,-37,115
-2,-38,111
-2,-40,112
-2,-42,114
-5,-42,115
-7,-41,117
3,-39,112
6,-39,112
6,-40,113
3,-41,113
7,-38,111
7,-40,113
7,-42,116
6,-42,116
3,-42,115
-4,-50,171
-6,-49,172
-2,-50,170
-3,-53,171
-4,-53,171
-6,-53,172
6,-48,174
3,-50,174
2,-51,172
6,-48,177
4,-50,176
2,-53,176
2,-53,174
1,-53,172
4,-46,182
0,-47,183
0,-50,181
2,-50,180
-3,-48,184
-3,-51,182
-3,-54,181
-1,-53,180
1,-53,179
-7,-47,182
-8,-47,180
-8,-50,178
-7,-51,180
-9,-46,177
-8,-50,177
-7,-53,176
-7,-53,178
-6,-53,179
-4,-56,171
-6,-56,172
-3,-56,171
-3,-58,171
-5,-58,172
-6,-58,172
1,-56,174
0,-56,172
2,-56,176
2,-58,176
1,-58,174
0,-58,173
-1,-56,180
1,-56,179
-3,-56,180
-3,-58,181
-1,-58,181
1,-58,180
-7,-56,178
-6,-56,179
-7,-56,176
-7,-58,177
-7,-58,178
-6,-58,180
-6,-67,175
-5,-67,175
-5,-67,174
-6,-68,175
-3,-67,174
-3,-67,173
-3,-68,173
-4,-68,173
-5,-68,174
-6,-68,174
2,-66,177
2,-67,178
3,-69,178
2,-68,176
3,-67,180
3,-69,181
3,-71,182
3,-70,180
3,-71,179
3,-70,178
2,-70,177
2,-3169,175
0,-66,184
-1,-65,184
-2,-67,185
0,-67,185
-3,-65,184
-3,-67,185
-3,-68,187
-1,-68,187
0,-68,186
-8,-66,183
-9,-67,182
-9,-68,183
-9,-68,184
-9,-67,181
-9,-69,182
-10,-71,182
-9,-70,183
-9,-70,185
12,-30,192
10,-31,192
10,-35,191
12,-34,192
7,-35,191
7,-39,189
10,-39,189
12,-39,190
12,-3,187
12,0,185
10,0,185
10,-4,187
12,4,184
10,3,184
9,3,184
8,-1,185
8,-4,187
4,-5,186
6,-2,184
4,-2,182
3,-5,183
7,2,183
6,1,181
5,1,179
4,-2,179
3,-5,180
6,-4,173
6,-1,173
8,0,172
8,-3,172
6,2,173
8,3,172
12,3,172
12,1,172
12,-3,171
12,6,183
11,6,183
12,8,182
11,8,182
9,8,182
9,5,183
7,4,182
6,4,180
7,6,181
7,6,179
6,6,177
6,4,178
7,4,172
9,5,171
7,6,171
9,7,171
12,8,170
12,5,171
12,16,180
12,18,179
11,18,179
11,15,180
12,20,179
11,20,179
10,20,179
10,18,179
10,15,180
7,14,179
7,17,178
7,17,176
7,14,177
7,20,178
7,20,176
6,20,173
6,17,174
6,13,175
7,13,169
7,17,168
9,18,167
9,14,168
7,20,167
9,21,166
12,22,166
12,18,167
12,15,168
12,22,179
12,23,179
11,23,179
11,22,179
10,23,179
10,22,179
7,22,178
8,23,178
7,24,176
7,23,176
8,23,179
7,25,177
6,27,175
6,25,174
5,24,173
7,27,168
7,29,169
10,30,168
9,28,167
7,31,170
10,32,169
12,33,169
12,31,167
12,29,166
9,23,179
8,24,179
10,23,180
9,23,180
10,34,171
12,34,171
8,33,172
8,34,174
10,35,173
12,35,173
7,30,171
7,32,173
6,29,172
6,30,174
6,31,175
7,33,174
8,24,180
10,22,181
9,23,181
8,23,181
12,36,179
10,36,179
10,35,183
12,36,183
8,35,179
8,34,183
7,33,187
10,34,187
12,34,187
7,34,179
7,33,183
7,32,179
7,32,182
6,30,185
7,32,186
9,22,182
8,22,183
10,22,182
10,21,183
9,21,184
8,21,184
9,32,189
12,33,189
7,32,189
7,30,191
9,31,190
12,32,191
7,30,188
6,29,187
6,27,189
6,28,189
6,28,190
6,29,190
9,20,184
8,20,185
10,20,184
10,18,185
9,19,185
8,19,186
12,32,193
10,32,194
11,31,194
12,31,194
9,32,195
9,31,195
9,30,195
11,30,195
12,30,194
5,27,190
6,28,191
5,25,189
5,24,190
5,26,191
6,27,191
8,15,190
9,15,190
9,13,191
8,13,192
10,15,190
10,13,191
10,12,192
10,12,193
9,12,193
12,18,196
11,19,196
11,17,197
12,17,197
10,19,196
10,18,196
10,16,197
11,16,197
12,16,197
9,20,195
8,20,194
7,18,195
8,18,196
7,21,194
7,19,194
7,18,194
7,16,195
7,14,196
7,15,196
8,16,197
-7,-69,175
-6,-70,175
-6,-71,175
-7,-71,175
-5,-70,174
-5,-71,174
-5,-72,175
-6,-72,175
2,-71,176
2,-71,175
2,-71,177
2,-72,177
2,-72,176
1,-72,175
-9,-72,184
-9,-72,185
-9,-72,182
-1,-70,188
1,-70,188
-3,-70,189
-2,-71,191
0,-71,190
1,-71,190
-9,-72,187
-9,-71,187
-9,-74,187
-9,-74,189
-9,-73,189
-9,-71,189
-7,-74,187
-5,-75,188
-6,-75,190
-7,-74,189
4,-74,185
4,-72,185
5,-73,187
4,-74,187
4,-70,185
4,-71,187
4,-72,189
5,-73,189
4,-74,189
12,-47,161
12,-48,166
10,-48,166
10,-47,162
12,-49,171
10,-49,171
8,-48,171
8,-47,166
-9,-26,165
-9,-23,167
-6,-20,166
-3,-40,158
0,-43,158
-3,-40,154
0,-43,154
-3,-17,166
-1,-15,165
-6,-36,157
-5,-35,153
12,-23,192
12,-19,192
9,-19,192
9,-23,192
12,-15,192
9,-15,191
7,-20,191
-8,-25,187
-7,-22,187
-8,-21,183
-10,-25,183
-6,-20,186
-6,-18,183
-7,-17,179
-9,-21,179
-11,-25,179
-9,-29,187
-7,-29,190
-6,-25,189
-7,-33,189
-3,-29,191
-8,-44,184
-6,-45,185
-6,-41,187
-6,-48,183
-3,-44,186
-10,-42,172
-11,-39,171
-8,-45,172
-9,-46,174
-10,-43,174
-11,-40,173
4,-43,185
6,-43,185
6,-39,188
7,-45,182
8,-46,183
8,-43,186
12,-10,190
12,-7,188
10,-7,188
9,-10,189
7,-8,188
3,-9,187
2,-9,184
1,-12,184
2,-9,180
1,-11,180
5,-7,172
8,-7,171
7,-9,169
12,-6,170
12,-9,168
-5,-24,150
-5,-29,149
-3,-19,151
-2,-20,145
-4,-24,145
-5,-29,144
0,-17,152
4,-16,152
4,-16,145
0,-17,145
6,-15,156
6,-15,152
7,-15,156
8,-15,152
8,-15,145
6,-16,145
12,-45,154
10,-45,154
10,-43,148
12,-43,148
7,-43,148
7,-42,143
10,-42,143
12,-42,143
0,-41,149
3,-42,148
-2,-39,149
-2,-38,144
0,-40,144
4,-41,143
-4,-35,149
-4,-34,144
-5,-25,140
-5,-30,141
-3,-21,140
-3,-23,135
-5,-26,136
-6,-31,138
0,-19,139
3,-18,139
3,-19,133
0,-21,134
6,-17,139
7,-17,139
7,-19,133
6,-19,133
10,-42,140
12,-42,140
7,-42,140
7,-42,138
10,-42,138
12,-42,138
0,-40,141
3,-41,140
-3,-38,141
-4,-39,139
-1,-41,138
3,-42,138
-5,-35,141
-6,-35,138
-4,-24,131
-6,-28,133
-4,-25,127
-7,-29,129
-9,-33,131
-8,-32,135
3,-20,130
0,-21,130
3,-19,126
-1,-21,126
12,-19,133
12,-20,129
10,-20,129
10,-19,133
12,-21,126
10,-20,126
7,-20,126
7,-19,129
2,-43,137
5,-43,136
6,-42,138
2,-43,134
5,-43,134
7,-43,134
7,-42,136
-5,-40,136
-2,-42,137
-7,-41,134
-4,-43,136
-3,-43,136
-1,-43,136
-7,-36,136
-8,-37,133
12,21,179
11,21,179
10,21,179
7,21,178
7,22,176
5,22,173
7,23,167
9,25,166
12,25,166
12,12,181
11,12,181
9,11,181
7,10,180
7,10,178
6,10,176
7,10,170
9,10,169
12,11,169
-11,-29,183
-12,-29,179
-8,-72,180
-7,-73,180
-8,-72,179
-8,-72,178
-7,-72,177
-6,-72,178
-5,-73,178
-5,-73,180
-5,-16,183
-5,-15,180
-4,-18,186
-3,-15,184
-3,-14,180
-1,-14,185
0,-13,184
-1,-13,180
-13,-33,176
-12,-37,176
-12,-37,173
-11,-40,176
6,-47,179
4,-50,178
2,-53,178
-9,-46,175
-8,-50,175
-8,-50,174
-8,-53,174
-8,-53,175
2,-56,178
2,-58,178
-8,-56,175
-8,-56,174
-8,-58,174
-8,-58,175
2,-67,182
3,-68,183
2,-66,183
3,-68,184
4,-70,183
-9,-67,180
-9,-69,180
-9,-67,178
-9,-69,179
-9,-70,179
-9,-70,181
7,-48,174
7,-47,177
7,-48,171
9,-48,174
9,-48,177
4,1,177
3,-2,178
4,1,175
4,-1,176
3,-5,176
2,-5,178
5,6,175
5,4,176
5,6,174
5,4,175
5,20,172
6,17,172
6,20,170
6,17,171
6,13,171
6,13,173
6,28,173
5,26,172
6,27,171
5,25,170
5,24,172
7,25,178
6,28,176
7,26,178
6,28,177
7,29,179
7,26,180
7,26,181
7,28,181
7,25,182
7,27,184
7,24,184
7,26,185
7,22,185
6,24,187
7,21,186
6,22,188
7,20,187
6,21,188
4,-72,184
4,-72,182
4,-74,184
3,-73,182
-9,-72,181
-9,-71,179
-8,-17,176
-10,-21,176
-10,-21,173
-11,-25,176
-9,-44,181
-10,-44,178
2,-8,178
2,-8,176
1,-11,177
5,22,172
5,23,170
6,9,174
6,9,173
12,23,180
11,23,180
8,35,176
10,36,176
12,36,176
6,29,178
6,31,177
6,30,176
6,31,179
7,32,177
7,26,179
12,-42,134
10,-42,134
10,-42,130
12,-42,130
7,-42,130
8,-42,126
10,-42,126
12,-42,126
-9,-37,128
-9,-41,130
-10,-33,126
-10,-33,122
-10,-37,124
-9,-41,125
-8,-29,124
-5,-25,123
-5,-25,119
-8,-29,120
-1,-21,122
3,-19,122
3,-19,118
-1,-22,118
6,-19,126
6,-19,122
7,-20,122
7,-20,118
6,-19,118
0,-45,135
2,-45,134
-3,-45,136
-3,-47,135
-1,-48,135
1,-47,133
-8,-44,130
-7,-44,134
-9,-44,126
-8,-47,126
-8,-47,130
-7,-47,133
-5,-44,116
-7,-44,118
-3,-45,115
-3,-47,116
-5,-47,117
-6,-47,119
4,-42,120
3,-45,121
2,-45,117
5,-43,126
4,-45,126
3,-47,126
3,-47,122
1,-47,119
-1,-51,133
1,-51,132
-3,-51,134
-3,-55,130
-1,-54,130
1,-54,129
-8,-50,129
-7,-51,132
-8,-49,126
-8,-51,124
-8,-53,127
-7,-54,129
-6,-48,119
-3,-47,117
-3,-48,116
-5,-49,117
-6,-49,118
2,-48,122
1,-48,119
3,-49,126
2,-51,124
2,-50,121
1,-49,118
-1,-57,123
0,-56,123
-3,-57,124
-3,-59,119
-2,-59,119
-1,-60,118
-1,-59,118
0,-59,117
-8,-55,121
-7,-56,123
-8,-54,119
-8,-56,115
-8,-57,116
-7,-59,117
-5,-51,114
-6,-52,115
-3,-51,114
-3,-53,111
-5,-54,111
-6,-54,112
1,-53,117
0,-52,115
1,-54,119
1,-56,115
0,-55,113
-1,-55,112
-8,-58,114
-8,-60,114
-8,-58,113
-8,-60,113
-4,-54,109
-6,-55,110
-3,-53,109
-3,-54,108
-4,-54,108
-5,-55,108
0,-57,111
-1,-55,110
1,-58,113
1,-60,113
1,-60,112
0,-61,110
-1,-57,109
-2,-55,108
-2,-62,118
-1,-62,118
-3,-62,118
-3,-64,118
-2,-64,118
-1,-64,118
-8,-62,115
-7,-61,116
-9,-63,113
-9,-65,113
-8,-64,115
-8,-64,116
-7,-61,110
-5,-61,110
-6,-64,110
-7,-64,110
-3,-61,110
-3,-64,110
-3,-66,110
-6,-66,110
-8,-66,111
2,-63,112
1,-64,110
2,-63,113
2,-65,113
2,-66,112
1,-66,111
-2,-65,119
-1,-65,119
-3,-65,119
-3,-66,119
-2,-66,119
-1,-66,119
-9,-66,115
-8,-65,117
-9,-67,114
-9,-68,115
-9,-67,116
-8,-67,118
-6,-69,111
-8,-68,111
-3,-69,111
-3,-71,112
-6,-71,112
-8,-70,112
2,-68,113
1,-68,112
2,-67,114
2,-68,115
2,-69,114
1,-70,113
-1,-69,122
-2,-69,122
-2,-69,124
-1,-70,124
-3,-68,122
-3,-69,124
-3,-70,125
-2,-70,125
-1,-70,125
-8,-69,120
-9,-70,119
-9,-71,120
-8,-70,122
-9,-71,117
-9,-72,119
-9,-72,121
-9,-71,122
-8,-70,123
-8,-73,114
-6,-74,114
-6,-74,116
-8,-74,117
-4,-74,114
-4,-74,116
-3,-75,120
-6,-75,120
-8,-74,120
0,-73,115
1,-72,116
1,-73,118
0,-74,117
2,-71,117
2,-72,119
2,-72,121
1,-73,120
0,-74,119
12,-37,111
10,-38,111
10,-36,110
12,-36,110
7,-37,110
7,-36,109
10,-36,109
12,-36,109
1,-39,112
1,-37,110
3,-38,111
-2,-37,110
-1,-36,109
1,-36,109
3,-36,109
-6,-28,112
-5,-29,109
-6,-32,110
-4,-25,111
-3,-27,108
-2,-29,105
-4,-30,107
-4,-32,109
0,-23,111
1,-25,107
4,-22,111
4,-24,107
4,-27,105
1,-28,105
6,-21,111
7,-24,107
8,-21,111
8,-24,107
8,-26,105
7,-26,105
10,-35,108
12,-35,108
7,-36,108
10,-36,108
12,-36,108
0,-35,108
3,-36,108
-3,-34,109
-3,-32,108
-2,-33,107
-3,-31,106
-1,-30,104
0,-31,103
-2,-32,105
2,-29,103
4,-28,103
4,-29,103
2,-30,103
6,-28,103
8,-27,103
7,-29,103
6,-29,103
10,-37,106
12,-37,106
7,-37,106
7,-39,105
10,-39,105
12,-39,105
1,-36,106
3,-38,106
0,-35,106
1,-37,104
2,-39,104
4,-40,105
0,-33,104
1,-32,102
2,-34,101
1,-35,102
2,-31,102
4,-31,101
5,-33,100
3,-33,100
6,-30,101
7,-30,101
8,-32,100
7,-32,100
10,-43,102
12,-42,102
7,-43,102
8,-47,98
10,-47,98
12,-47,98
3,-42,101
4,-43,102
2,-41,101
3,-45,97
3,-46,98
5,-47,98
2,-39,99
3,-38,98
4,-42,95
3,-43,96
4,-37,97
6,-36,97
7,-40,94
5,-41,94
7,-36,97
8,-36,97
9,-40,93
7,-40,93
10,-50,95
12,-50,95
8,-50,95
8,-53,91
10,-53,91
12,-53,91
4,-49,94
5,-50,95
3,-48,94
3,-51,90
4,-52,91
5,-53,91
3,-46,93
4,-45,92
4,-49,88
3,-50,89
5,-44,91
7,-44,91
7,-47,87
5,-48,88
7,-43,90
9,-43,90
9,-47,87
10,-57,88
12,-57,88
8,-57,88
8,-60,84
10,-60,84
12,-60,84
4,-56,87
5,-57,87
3,-55,86
3,-58,82
4,-59,83
6,-60,83
3,-53,85
4,-52,84
4,-56,80
3,-57,81
5,-52,84
7,-51,84
7,-55,80
5,-55,80
7,-51,83
9,-51,83
9,-54,79
8,-54,80
10,-64,80
12,-64,80
9,-64,80
9,-67,75
11,-67,75
12,-67,75
5,-63,78
6,-64,79
4,-62,77
5,-64,72
6,-66,73
7,-67,74
4,-60,76
5,-59,75
5,-62,71
5,-63,71
6,-58,75
7,-58,75
7,-60,70
6,-61,70
8,-57,75
9,-57,75
9,-60,70
8,-60,70
11,-69,69
12,-69,69
9,-69,69
9,-71,63
11,-71,63
12,-71,63
6,-68,68
7,-69,69
5,-67,67
5,-68,62
6,-70,63
7,-71,63
5,-65,66
5,-64,66
5,-66,61
5,-67,61
6,-63,66
7,-62,66
7,-64,61
6,-65,61
8,-62,66
9,-62,66
9,-64,61
8,-64,61
11,-72,58
12,-72,58
9,-72,58
9,-73,53
11,-73,53
12,-73,53
6,-71,58
7,-72,58
5,-69,57
5,-70,53
6,-71,53
7,-72,53
5,-68,57
5,-67,57
6,-67,52
5,-69,52
6,-66,57
7,-65,57
7,-66,53
7,-66,52
8,-65,57
9,-65,57
10,-65,52
8,-65,53
11,-73,48
12,-73,48
9,-73,48
9,-73,43
11,-73,43
12,-73,43
6,-72,48
7,-73,48
5,-70,48
5,-71,43
6,-72,43
7,-73,43
5,-69,48
6,-68,47
6,-68,43
5,-69,43
7,-67,48
7,-66,48
7,-66,43
6,-67,43
8,-66,48
9,-66,48
9,-66,43
8,-66,43
11,-73,38
12,-73,38
10,-73,38
10,-72,33
11,-72,33
12,-72,33
7,-71,38
7,-72,38
6,-70,38
6,-69,33
7,-71,33
7,-72,33
6,-69,38
6,-68,38
7,-67,33
6,-68,33
7,-67,38
7,-66,38
7,-65,33
7,-66,33
8,-66,38
9,-65,38
10,-65,33
8,-65,33
11,-71,29
12,-71,29
10,-71,29
10,-70,25
11,-70,25
12,-70,25
7,-70,29
8,-71,29
7,-69,29
7,-67,25
7,-69,25
8,-69,25
7,-67,29
7,-66,29
7,-65,24
7,-66,24
7,-65,29
8,-65,29
9,-63,25
8,-64,24
9,-64,29
10,-64,29
10,-63,24
11,-68,20
12,-68,20
10,-68,20
10,-66,15
11,-66,15
12,-66,15
8,-67,20
8,-68,20
7,-66,20
8,-64,15
8,-65,15
9,-66,15
7,-65,20
7,-64,20
8,-62,15
8,-63,15
8,-63,20
9,-62,20
9,-61,15
9,-62,15
10,-62,20
11,-61,20
11,-60,15
10,-61,15
11,-63,10
12,-63,10
12,-61,6
9,-62,10
9,-63,10
9,-61,10
9,-60,10
10,-60,10
10,-59,10
11,-59,10
6,-42,120
7,-42,125
8,-42,121
-9,-33,117
-9,-37,119
-8,-41,121
-5,-25,115
-7,-29,116
3,-20,114
-1,-22,114
12,-21,118
12,-21,114
10,-21,114
10,-20,118
12,-21,111
10,-21,111
8,-20,114
-8,-44,122
-8,-47,122
4,-43,130
3,-45,130
3,-47,130
-8,-48,122
-8,-50,121
2,-50,129
2,-53,127
-7,-53,117
-7,-55,113
1,-55,121
1,-57,116
-7,-57,111
-6,-57,109
-8,-60,112
1,-58,114
1,-60,114
-8,-63,112
-8,-66,112
1,-62,115
1,-61,116
1,-64,116
2,-64,115
-9,-68,112
-9,-69,113
2,-66,116
1,-65,117
1,-67,118
1,-67,117
-9,-72,115
-9,-73,118
-9,-73,120
2,-70,119
2,-71,120
1,-69,120
1,-70,122
1,-70,123
1,-71,122
-4,-20,189
-5,-22,189
-7,-37,189
-5,-51,181
-5,-54,180
-5,-56,180
-5,-58,181
-6,-66,184
-7,-65,184
-7,-67,184
-6,-67,185
-8,-69,185
-6,-68,186
-7,-70,187
-6,-70,188
-7,-71,189
-6,-71,190
0,-29,191
0,-44,186
-6,-23,189
-5,-44,135
-5,-47,135
-5,-51,133
-5,-54,130
-5,-57,123
-6,-59,118
-5,-60,118
-5,-59,119
-6,-61,117
-5,-62,118
-7,-64,118
-5,-64,118
-7,-65,118
-5,-65,119
-7,-66,119
-5,-66,119
-5,-69,122
-7,-69,122
-7,-69,123
-6,-70,124
-7,-70,124
-6,-70,125
0,-40,113
0,-42,114
0,-45,115
-1,-47,117
-1,-49,117
-1,-51,114
-2,-54,111
-4,-34,110
1,-50,171
-1,-53,171
-1,-56,171
-1,-58,172
-1,-67,175
-1,-67,174
0,-67,175
1,-68,175
0,-68,174
-1,-68,173
0,-70,174
1,-70,175
1,-71,175
0,-71,175
0,-72,175
12,-15,157
9,-15,156
7,-13,156
8,-13,157
5,-14,156
3,-13,154
4,-13,154
5,-12,154
0,-14,158
2,-14,157
-1,-13,160
-3,-11,156
-2,-11,154
-1,-12,154
-1,-13,162
-1,-12,164
-3,-9,159
-4,-10,157
0,-10,165
2,-9,166
0,-7,163
-1,-8,162
5,-8,165
7,-9,165
5,-7,161
4,-7,163
2,-6,163
2,-7,163
12,-11,165
8,-10,163
12,-13,164
8,-12,162
6,-10,158
6,-8,160
12,-16,162
12,-15,160
8,-14,158
8,-14,160
6,-12,155
6,-12,156
2,-12,151
1,-12,150
-2,-10,146
1,-11,149
0,-12,150
-3,-10,146
-7,-7,140
-6,-7,140
-5,-6,140
-2,-8,144
0,-10,147
-6,-7,148
-6,-7,147
-7,-6,149
-11,-1,141
-10,-1,140
-10,-2,139
-8,-5,150
-8,-4,152
-12,1,144
-12,0,143
-3,-6,158
-7,-3,152
-2,-5,159
-6,-2,153
-10,3,147
-11,2,145
-1,-4,160
-4,-1,158
-5,-1,157
0,-4,161
-3,-1,159
-6,3,156
-7,3,156
-8,3,154
3,-6,153
-1,-3,148
-1,-2,150
3,-5,155
-4,1,142
-4,2,144
-5,2,146
-1,-2,152
2,-4,157
2,-8,151
-1,-4,146
-1,-4,147
2,-7,152
-5,0,140
-5,0,141
1,-9,148
-2,-5,144
-2,-5,145
1,-8,149
-5,-1,138
-5,-1,139
-9,-5,134
-11,-6,134
-13,-5,128
-12,-5,128
-11,-4,128
-14,5,133
-13,4,132
-14,5,134
-17,10,129
-16,10,128
-15,10,127
-15,6,135
-15,7,136
-17,11,131
-17,11,130
-14,7,137
-13,8,140
-15,12,134
-16,12,131
-11,8,153
-12,8,151
-10,8,153
-13,13,151
-14,13,151
-14,12,148
-8,7,136
-8,8,139
-8,6,135
-11,11,130
-11,12,131
-11,12,134
-8,6,134
-8,5,133
-10,10,128
-10,11,129
-8,5,132
-11,10,127
-14,-5,128
-15,-4,121
-14,-5,121
-15,-4,128
-16,-3,121
-16,-4,113
-16,-5,113
-15,-5,113
-17,12,125
-16,12,124
-18,13,126
-18,14,125
-17,14,124
-17,14,123
-18,13,127
-18,13,128
-18,14,128
-18,14,127
-17,13,129
-16,14,132
-17,15,132
-18,15,129
-15,14,150
-16,14,147
-14,14,151
-14,15,150
-15,15,150
-16,15,147
-12,14,128
-12,14,132
-12,13,127
-12,15,127
-12,15,128
-13,15,131
-12,13,126
-12,14,125
-12,14,126
-12,13,125
-12,12,124
-13,14,123
-12,14,124
-16,-6,107
-15,-6,107
-17,-5,107
-17,-6,102
-16,-6,102
-15,-7,102
-18,16,123
-17,15,122
-19,16,125
-20,19,126
-19,18,124
-18,18,122
-18,16,122
-19,16,127
-19,16,128
-20,19,128
-20,19,127
-18,16,129
-17,17,132
-18,19,132
-19,19,129
-16,17,150
-17,17,147
-15,17,150
-16,20,150
-17,19,149
-18,19,147
-13,17,128
-13,17,132
-13,17,127
-14,19,128
-14,19,129
-14,19,132
-13,17,126
-13,16,125
-13,19,125
-13,19,126
-13,16,123
-13,15,122
-14,16,122
-14,18,122
-14,18,124
-20,21,125
-19,19,123
-20,22,126
-21,25,128
-20,24,126
-20,24,125
-20,22,124
-19,21,123
-21,22,128
-21,22,129
-21,24,130
-21,25,129
-20,21,130
-19,21,133
-20,24,134
-21,24,131
-18,22,149
-19,22,147
-17,22,150
-18,25,150
-19,24,149
-19,24,147
-15,22,130
-16,22,133
-15,22,128
-16,25,130
-16,24,131
-17,24,133
-15,22,127
-14,22,126
-16,25,128
-16,25,129
-15,21,124
-15,20,123
-16,21,123
-16,22,124
-17,24,125
-16,25,126
-21,28,128
-20,25,126
-21,28,129
-22,32,132
-21,32,131
-21,34,131
-20,31,129
-20,30,128
-20,28,127
-20,27,126
-20,26,126
-20,25,125
-22,27,131
-22,27,132
-22,30,134
-22,31,133
-21,26,132
-20,26,135
-21,29,136
-19,27,150
-20,27,147
-18,27,150
-19,30,150
-20,30,150
-20,29,147
-17,27,132
-17,27,134
-16,27,131
-17,31,134
-17,30,134
-18,30,136
-16,28,130
-16,28,129
-17,32,132
-17,32,133
-17,28,128
-17,26,126
-17,27,126
-17,28,127
-17,30,128
-17,31,129
-18,34,131
-17,33,131
-18,46,99
-19,47,99
-20,50,114
-19,50,114
-21,52,128
-20,52,128
-22,37,136
-22,38,136
-23,36,137
-24,41,142
-23,42,141
-23,35,138
-24,40,143
-24,40,142
-23,34,138
-22,34,140
-23,39,144
-24,39,143
-21,34,150
-21,34,148
-20,34,151
-21,39,151
-22,39,151
-22,39,149
-18,35,138
-19,34,140
-19,40,143
-20,40,143
-20,39,144
-18,36,137
-18,37,137
-19,41,142
-18,37,136
-19,38,136
-20,43,141
-19,42,141
-22,51,150
-22,52,151
-21,52,152
-23,52,151
-23,53,152
-22,53,152
-24,50,150
-24,49,150
-25,51,152
-24,51,152
-25,49,151
-25,50,152
-26,51,153
-25,51,153
-24,52,152
-25,48,151
-26,49,153
-25,47,152
-26,49,154
-26,50,154
-25,48,154
-24,46,152
-24,48,154
-24,48,155
-23,47,153
-23,48,154
-23,48,155
-22,47,152
-21,47,152
-21,49,154
-22,48,154
-21,48,151
-20,49,153
-20,50,154
-22,48,155
-20,48,151
-20,50,153
-20,49,151
-20,50,152
-20,51,153
-21,50,150
-21,51,152
-21,51,153
-22,53,153
-21,52,153
-23,53,153
-23,53,154
-22,53,154
-25,52,153
-26,51,154
-26,51,155
-25,52,154
-25,53,154
-26,49,155
-26,50,155
-25,49,155
-24,49,155
-25,49,156
-24,49,156
-23,49,155
-23,49,156
-21,49,155
-22,49,155
-21,50,155
-21,50,156
-22,49,156
-20,51,154
-21,51,154
-21,52,155
-21,51,155
-21,52,154
-23,53,155
-22,53,155
-23,53,156
-22,53,156
-25,52,155
-25,53,155
-25,52,156
-24,53,156
-26,51,156
-26,50,156
-25,51,157
-25,51,156
-25,50,156
-24,50,157
-24,51,157
-23,50,157
-22,50,156
-21,51,156
-22,51,157
-23,51,157
-22,52,156
-21,52,156
-22,52,155
-23,51,128
-23,52,139
-22,52,128
-24,51,146
-23,51,146
-22,52,146
-22,52,139
-25,46,147
-24,46,146
-24,47,146
-25,44,148
-25,45,147
-24,43,148
-24,44,148
-20,45,147
-20,44,148
-21,43,148
-20,46,147
-21,47,146
-20,46,146
0,-6,162
-1,-6,161
1,-6,162
-1,-1,154
2,-4,158
-5,3,150
-5,3,153
-2,-1,156
1,-4,159
-8,8,145
-11,12,141
-11,12,148
-8,8,150
-12,14,139
-13,15,139
-13,15,146
-12,14,147
-13,17,139
-14,19,139
-15,20,146
-14,17,146
-16,22,139
-17,24,140
-17,25,146
-16,22,146
-17,27,140
-18,30,142
-18,30,147
-17,27,147
-19,34,144
-20,39,146
-20,39,149
-19,34,148
-21,43,151
-21,42,149
-23,42,149
-23,43,151
-23,39,146
-22,34,144
-21,29,142
-20,26,141
-20,24,140
-19,22,140
-18,19,140
-17,17,139
-16,15,139
-16,14,140
-15,12,141
-12,8,145
-9,3,150
-6,0,154
3,-13,153
3,-12,152
2,-13,153
-3,-10,149
-5,-9,146
-5,-8,146
-2,-11,150
-7,-6,143
-8,-6,142
-8,-6,143
-11,-1,136
-12,2,132
-12,0,133
-10,-3,137
-14,4,129
-14,2,129
-14,-1,131
-12,-3,134
-11,-3,137
-16,8,124
-16,10,123
-16,5,122
-16,4,125
-16,9,121
-16,5,119
-16,1,118
-16,0,121
-16,1,124
-16,10,119
-17,12,119
-17,5,115
-16,6,116
-17,10,117
-17,5,113
-17,0,109
-17,-1,110
-16,1,113
-21,39,126
-22,40,132
-21,44,125
-21,41,118
-22,43,134
-22,46,132
-22,48,126
-21,47,117
-21,45,113
-23,46,140
-23,47,143
-23,48,142
-23,48,137
-23,48,145
-23,49,146
-23,49,144
-23,50,140
-23,49,136
-23,51,151
-23,51,150
-24,51,149
-21,48,145
-21,47,143
-21,48,142
-22,49,146
-21,47,140
-21,48,137
-21,49,137
-21,50,140
-21,50,144
-20,43,135
-19,40,132
-19,44,125
-20,46,132
-19,39,126
-18,41,118
-19,45,113
-19,47,118
-20,48,126
-18,36,121
-18,33,123
-18,36,107
-18,39,112
-18,33,116
-18,34,102
-18,37,90
-18,40,91
-18,41,101
-15,13,115
-15,14,118
-15,7,110
-15,9,109
-14,11,116
-14,6,111
-14,1,105
-15,0,102
-15,4,103
-13,9,121
-13,10,123
-13,5,122
-13,5,119
-13,8,124
-13,4,125
-13,1,124
-13,0,121
-13,1,118
-11,4,129
-9,2,132
-9,0,133
-11,3,129
-7,-1,136
-7,-3,137
-9,-2,134
-11,0,131
-3,-5,141
-2,-6,143
-2,-7,144
-4,-5,141
-1,-8,145
0,-8,146
-3,-5,142
-18,-3,99
-17,-4,98
-18,-1,93
-17,-2,93
-16,-2,92
-16,-4,98
-17,11,116
-18,14,118
-18,7,110
-17,5,111
-18,13,116
-18,8,109
-18,3,103
-18,0,102
-17,0,105
-14,10,117
-14,12,119
-14,5,114
-14,5,113
-13,10,119
-14,6,116
-13,1,113
-14,-1,110
-14,0,109
-20,36,71
-20,41,84
-20,42,84
-21,46,99
-20,47,99
-19,42,84
-19,37,71
-20,32,116
-20,33,123
-20,36,107
-20,34,102
-20,35,121
-20,39,112
-20,41,100
-20,39,91
-20,36,90
-18,30,113
-18,29,118
-18,29,94
-18,31,97
-18,28,110
-18,27,90
-18,28,73
-18,30,70
-18,32,80
-20,25,51
-20,30,60
-19,31,60
-19,25,51
-20,27,110
-20,29,118
-20,29,94
-20,27,90
-20,30,113
-20,31,97
-20,32,80
-20,30,70
-20,27,72
-18,26,108
-18,25,114
-18,22,84
-18,24,87
-17,24,106
-18,20,82
-17,18,59
-18,20,54
-18,22,65
-20,13,36
-20,19,43
-19,19,43
-19,14,35
-20,23,105
-20,25,114
-20,22,84
-20,20,82
-20,25,108
-20,24,87
-20,22,65
-20,19,54
-20,18,59
-17,1,41
-18,1,41
-18,0,35
-19,1,41
-19,0,35
-19,-2,28
-18,-2,28
-20,7,55
-20,13,76
-19,9,56
-19,3,40
-20,19,103
-20,21,107
-20,21,102
-20,16,74
-20,12,51
-19,8,37
-19,4,29
-19,1,30
-19,-3,24
-19,-1,30
-19,0,31
-19,9,30
-18,9,30
-18,7,26
-19,5,25
-19,4,24
-18,12,51
-18,16,74
-18,9,56
-18,8,37
-17,21,102
-18,21,107
-17,20,103
-18,13,76
-18,7,55
-18,3,40
-18,0,31
-18,-1,30
-18,-2,24
-18,1,30
-18,4,29
-19,-6,20
-18,-5,22
-18,-8,14
-18,-6,20
-18,4,24
-18,-2,19
-18,1,21
-18,5,25
-19,-2,19
-18,-1,45
-19,-1,45
-17,-1,45
-18,-5,47
-19,-5,47
-17,5,61
-17,11,80
-17,5,72
-17,1,53
-17,18,104
-17,18,110
-17,17,107
-17,10,89
-17,5,74
-17,0,63
-17,-3,56
-18,-4,55
-18,-6,51
-18,-4,54
-18,-3,51
-16,-2,63
-17,-2,63
-17,-3,59
-18,-2,63
-18,-3,59
-18,-6,53
-18,-6,54
-17,-6,53
-19,4,74
-19,10,89
-19,5,72
-19,0,63
-19,17,107
-19,18,110
-19,17,104
-19,11,80
-19,5,61
-19,0,53
-19,-3,51
-18,-3,56
-18,-8,45
-18,-7,45
-18,-11,43
-18,-9,47
-18,-8,49
-17,-9,47
-15,-1,92
-15,-2,93
-16,-3,84
-16,-4,80
-16,-5,81
-17,-8,65
-18,4,95
-18,9,105
-18,7,94
-18,0,83
-18,14,114
-18,16,114
-19,15,109
-19,10,94
-18,4,79
-18,0,73
-18,-2,73
-17,-3,64
-18,-5,63
-16,-4,63
-16,4,79
-16,10,94
-16,7,94
-16,0,73
-16,15,109
-16,16,114
-15,14,114
-15,9,105
-15,4,94
-16,0,83
-16,-2,73
-3,-63,174
-3,-64,175
-5,-64,175
-5,-63,174
-3,-66,175
-5,-66,176
-7,-66,176
-6,-65,176
-6,-63,175
2,-63,178
2,-65,179
2,-65,177
2,-63,176
1,-65,176
1,-63,175
-3,-62,183
-3,-64,183
-1,-64,183
-1,-62,182
1,-65,183
1,-64,182
1,-62,181
-7,-63,179
-8,-65,180
-8,-64,181
-7,-62,180
-7,-64,182
-7,-62,182
2,-64,181
2,-62,180
-8,-65,177
-7,-63,176
-8,-67,177
-8,-63,176
-5,-64,183
-5,-62,182
-5,-65,184
-1,-64,175
-1,-63,174
-1,-66,176
-5,-66,175
-6,-67,176
-1,-66,175
1,-67,176
2,-68,175
1,-69,175
0,-69,174
-6,-69,174
-5,-69,174
-7,-68,176
-7,-68,175
12,17,187
12,16,188
11,16,188
11,17,187
12,15,189
11,15,189
10,16,188
10,17,187
7,26,195
7,25,195
8,25,196
8,27,195
7,24,196
8,24,196
9,24,196
9,25,196
9,27,195
6,19,191
7,19,191
7,18,192
6,20,192
7,18,191
7,17,192
7,16,193
7,17,193
7,20,193
6,21,192
7,29,191
7,29,192
7,30,192
6,28,192
7,28,193
7,29,194
7,30,193
7,31,193
6,26,193
7,25,194
7,26,194
7,24,194
7,24,195
9,20,196
9,21,196
9,21,195
10,20,196
10,21,197
8,21,196
8,31,194
8,30,194
8,29,195
12,23,196
12,25,196
11,25,196
11,23,196
12,27,195
11,27,195
12,19,196
12,19,197
11,20,197
9,31,191
11,32,191
7,31,191
8,31,191
8,32,190
10,32,191
7,31,192
9,32,194
8,32,194
11,33,193
12,32,192
11,33,192
9,33,190
9,34,190
7,33,190
7,35,188
8,35,189
6,32,191
6,32,190
7,33,192
5,34,191
5,34,190
5,34,189
7,33,193
7,34,193
7,35,192
6,35,191
8,34,193
9,34,192
8,36,190
7,36,191
10,34,191
4,38,187
3,40,185
4,40,184
5,38,186
3,42,182
4,42,182
5,40,184
4,38,188
3,40,186
3,43,183
3,43,182
5,39,189
4,41,186
4,39,189
4,43,183
6,39,188
6,41,185
5,41,186
5,43,182
7,39,186
6,41,184
7,39,187
5,43,181
3,45,180
3,49,178
3,48,178
4,45,179
3,46,180
4,46,181
3,49,179
4,46,180
4,49,178
4,46,179
3,52,176
3,55,175
3,52,177
3,53,177
4,53,176
4,52,177
6,34,189
4,43,181
6,39,186
4,52,176
9,28,195
11,28,195
12,28,195
6,27,193
7,27,193
7,28,194
8,28,195
-3,-60,173
-5,-60,173
-6,-60,174
2,-60,177
1,-60,175
1,-60,174
-3,-60,182
-1,-60,182
1,-60,181
-7,-60,178
-7,-60,179
-6,-60,181
2,-60,179
-7,-60,174
-7,-58,173
-7,-60,175
-5,-60,182
-1,-60,173
12,12,192
12,11,193
11,11,194
11,12,192
12,10,195
11,10,195
11,9,195
11,10,194
9,14,194
9,13,194
10,13,193
10,13,194
10,14,194
7,13,195
7,13,196
8,12,196
7,14,195
8,12,197
8,11,197
8,13,197
3,-6,160
3,-5,159
4,-6,159
4,-7,158
4,-8,156
4,-9,155
6,-11,157
4,-10,154
3,-10,152
3,-10,151
2,-11,150
1,-10,149
-2,-7,161
0,-4,160
-2,-1,158
-6,3,155
-9,8,153
-12,13,151
-13,14,150
-14,17,149
-15,20,149
-16,22,149
-17,25,149
-18,27,149
-18,30,150
-19,34,150
-20,39,151
2,-6,161
-23,44,152
-22,44,152
6,36,187
7,37,187
7,37,188
5,36,190
4,36,189
5,36,188
6,37,191
5,37,190
7,38,189
7,37,190
7,38,188
5,36,187
12,-59,6
12,-60,5
10,-27,192
12,-26,193
10,-46,158
12,-46,158
9,-13,190
12,-13,191
10,-40,113
12,-40,113
12,-42,117
10,-42,117
7,-47,180
8,-47,180
6,-36,190
7,2,184
7,-1,185
6,-5,186
8,7,182
8,4,183
9,20,179
8,18,179
8,14,180
9,22,179
12,22,181
11,22,181
11,22,182
12,22,182
12,21,183
11,21,183
11,20,184
12,20,184
12,19,185
11,19,185
11,14,191
12,14,191
7,-47,167
4,-20,191
10,-46,183
10,-43,186
12,-47,183
12,-43,186
6,-8,188
10,-15,152
12,-15,152
12,-15,145
10,-15,145
6,-43,148
6,-42,143
10,-17,139
12,-17,139
6,-42,140
6,-19,129
10,-42,136
12,-42,136
9,21,179
8,10,181
10,10,198
10,11,198
9,13,198
9,12,197
9,10,197
10,9,197
10,-49,174
12,-49,174
12,-49,177
10,-49,177
6,-43,130
10,-20,122
12,-21,122
6,-37,110
6,-36,109
10,-23,107
12,-23,107
12,-25,105
10,-26,105
6,-36,108
10,-27,103
12,-27,103
12,-28,102
10,-28,102
6,-38,106
6,-40,105
10,-30,101
12,-30,101
12,-32,99
10,-32,99
6,-43,102
6,-47,98
10,-35,97
12,-35,97
12,-39,93
11,-39,93
7,-50,95
7,-53,91
11,-43,90
12,-43,90
12,-47,87
11,-47,87
7,-57,88
7,-60,84
11,-50,83
12,-50,83
12,-54,79
11,-54,79
7,-64,80
7,-67,75
11,-57,75
12,-57,75
12,-59,70
11,-59,70
8,-69,69
8,-71,63
11,-62,66
12,-62,66
12,-63,61
11,-63,61
8,-72,58
8,-73,53
11,-64,57
12,-64,57
12,-65,52
11,-65,52
8,-73,48
8,-73,43
11,-66,47
12,-65,47
12,-66,42
11,-66,42
8,-73,38
9,-72,33
11,-65,38
12,-65,38
12,-64,33
11,-64,33
9,-71,29
9,-70,25
11,-64,29
12,-63,28
12,-62,24
11,-62,24
9,-68,20
12,-61,20
12,-60,15
10,-63,10
12,-59,10
10,-42,121
12,-43,121
6,-20,114
4,-14,156
1,-13,154
1,-13,153
0,-13,153
-2,-12,150
-1,-12,150
9,16,189
8,16,189
8,18,188
9,17,188
9,18,186
10,17,186
8,18,187
10,10,195
10,11,194
9,11,195
12,13,198
12,15,198
11,15,198
11,13,198
10,14,198
10,13,198
-12,-29,175
-5,-15,177
-3,-13,177
-1,-13,177
6,29,175
6,30,182
6,29,184
6,27,186
6,25,188
5,24,189
5,23,189
7,15,194
7,14,194
-10,-43,176
12,9,198
11,9,198
12,10,198
11,10,198
-12,-36,170
-8,-49,173
-7,-53,173
-7,-56,173
-8,-69,177
-8,-70,176
-8,-70,177
-9,-70,178
5,1,174
4,-1,175
4,-5,175
6,6,173
5,4,174
6,20,169
6,17,169
6,13,170
7,28,170
6,26,169
-8,-71,178
-8,-71,177
-9,-21,170
3,-8,174
6,23,169
6,9,171
7,34,177
-8,-65,179
-8,-63,177
7,21,193
7,22,193
6,22,193
6,24,193
6,25,192
5,24,191
6,23,192
5,23,191
5,23,192
-7,-60,176
9,14,197
9,18,196
9,16,197
7,22,194
7,23,194
7,23,193
8,21,194
8,22,194
6,25,193
7,25,193
7,24,193
6,23,193
8,22,195
7,23,195
8,22,196
6,22,192
5,22,192
7,23,196
6,26,192
6,27,192
6,21,191
6,20,191
5,22,190
5,22,191
6,20,189
6,21,190
5,21,190
7,19,188
7,19,189
7,18,189
7,17,189
8,16,190
7,16,191
7,17,190
7,18,190
8,14,192
8,15,191
8,12,194
8,13,193
8,14,193
10,10,196
9,12,195
8,12,195
11,9,196
-23,54,157
-23,53,157
-23,54,158
-23,54,159
-25,53,157
-24,53,157
-25,53,158
-24,53,159
-24,54,159
-25,52,158
-24,52,158
-24,52,160
-23,51,158
-23,52,158
-23,53,160
-23,52,159
-22,52,158
-22,53,159
-23,53,159
-22,53,158
-22,53,157
-23,54,160
-23,54,161
-24,54,161
-23,54,163
-24,53,161
-23,53,161
-22,47,153
-21,44,152
-8,-71,126
-8,-72,126
-8,-73,127
-8,-72,127
-9,-73,125
-9,-74,127
-8,-72,128
-8,-75,125
-8,-75,126
-8,-76,126
-8,-75,127
-7,-76,125
-7,-76,127
-6,-76,126
-6,-76,127
-7,-75,128
-6,-75,127
-6,-74,127
-6,-74,128
-6,-75,128
-6,-72,128
-6,-73,128
-6,-71,128
-7,-72,128
-7,-71,127
-7,-71,128
-3,-71,128
-5,-71,128
-4,-72,128
-5,-72,128
-5,-72,129
-4,-72,129
-5,-76,127
-6,-76,128
-5,-76,126
-3,-76,127
-4,-76,128
-5,-76,128
-3,-75,127
-4,-75,128
-3,-74,128
-4,-74,128
-4,-74,129
-3,-72,128
-4,-73,128
-4,-73,129
-2,-76,126
-2,-76,127
-3,-76,128
-1,-76,126
-1,-76,127
-1,-75,128
-2,-76,128
-3,-75,128
-1,-75,127
-1,-74,127
-1,-74,128
-1,-72,128
-1,-73,128
-1,-71,128
-2,-71,128
-3,-72,129
-2,-72,129
-3,-73,128
-3,-74,129
-3,-73,129
1,-71,126
0,-71,127
0,-72,128
1,-72,127
1,-72,128
0,-74,128
0,-73,128
0,-75,127
0,-75,128
0,-75,125
1,-75,125
1,-75,127
1,-74,125
1,-74,127
1,-73,125
1,-72,126
1,-73,127
1,-73,128
1,-75,128
1,-74,128
-8,-73,128
-9,-74,128
-8,-75,128
-8,-74,128
-7,-74,128
-7,-73,129
-8,-72,129
-6,-72,129
-6,-74,129
-6,-73,129
-5,-75,128
-4,-75,129
-2,-75,128
-3,-75,129
-2,-75,129
-1,-74,129
-1,-72,129
-1,-73,129
1,-73,129
0,-73,129
1,-74,130
0,-74,129
0,-74,130
1,-74,129
1,-75,129
-9,-73,129
-8,-73,129
-9,-74,129
-8,-74,129
-8,-75,129
-7,-75,129
-7,-74,129
-7,-74,130
-8,-74,130
-5,-73,130
-6,-73,130
-6,-74,130
-5,-74,130
-6,-75,129
-6,-75,130
-5,-75,129
-5,-75,130
-4,-74,130
-4,-73,130
-1,-75,129
-1,-75,130
-2,-75,130
-1,-74,130
-1,-73,130
-2,-73,130
-2,-74,130
-3,-73,130
-3,-74,130
1,-75,131
1,-75,130
-9,-74,130
-8,-75,130
-9,-75,130
-6,-74,131
-5,-74,131
-6,-75,131
-5,-75,131
-2,-75,131
-1,-75,131
-1,-74,131
-2,-74,131
-9,-73,190
-8,-72,190
-8,-74,190
-8,-74,191
-9,-73,191
-8,-72,191
-7,-74,190
-6,-74,191
-7,-74,191
-6,-73,190
-6,-73,191
-6,-72,191
-7,-71,190
-7,-72,191
-4,-71,190
-4,-71,191
-3,-72,191
-5,-72,191
-4,-72,192
-3,-72,192
-5,-73,191
-5,-74,191
-4,-75,190
-4,-75,191
-2,-75,191
-3,-75,191
-3,-74,192
-4,-75,192
-2,-73,191
-3,-73,192
0,-75,190
0,-75,191
-1,-75,191
1,-75,190
1,-74,191
0,-75,192
-1,-74,192
1,-73,190
1,-73,191
1,-72,191
0,-71,191
-1,-72,191
-1,-72,192
0,-72,192
-2,-73,192
3,-71,189
3,-71,190
4,-72,190
2,-72,191
3,-72,191
4,-72,191
2,-73,191
2,-74,191
3,-75,189
3,-75,190
4,-74,190
4,-74,191
3,-75,191
5,-73,190
5,-73,191
3,-72,192
4,-72,192
2,-73,192
3,-74,192
3,-74,191
4,-74,192
4,-73,191
4,-73,192
-5,-72,192
-3,-72,193
-5,-73,192
-5,-74,192
-3,-74,193
-4,-74,192
-3,-73,193
-8,-74,192
-9,-73,192
-8,-72,192
-7,-74,192
-6,-73,192
-7,-72,192
1,-74,192
-1,-74,193
1,-73,192
1,-72,192
-1,-72,193
-1,-73,192
-1,-73,193
3,-72,193
4,-73,193
3,-73,193
3,-73,194
4,-73,194
3,-74,193
3,-74,194
4,-74,193
4,-74,194
-4,-72,194
-5,-72,193
-5,-73,195
-4,-73,195
-5,-73,193
-5,-74,193
-5,-74,195
-5,-73,194
-4,-74,194
-4,-74,195
-3,-73,194
-8,-73,193
-8,-72,193
-8,-74,193
-8,-74,194
-8,-73,194
-7,-74,193
-7,-74,194
-7,-73,193
-7,-72,193
-7,-73,194
0,-74,194
-1,-74,194
1,-74,193
1,-74,195
0,-74,195
1,-73,193
1,-72,193
1,-73,195
1,-73,194
0,-72,194
-1,-72,194
0,-73,195
-1,-73,194
4,-73,195
3,-73,195
4,-74,195
3,-74,195
-5,-74,196
-8,-73,195
-8,-74,195
-7,-74,195
0,-74,196
-4,-70,188
-5,-68,187
-5,-67,185
3,-70,187
2,-69,185
1,-67,184
-5,-70,126
-6,-71,126
-3,-70,126
-4,-70,125
-4,-69,122
-4,-68,121
-5,-68,121
-3,-67,121
-4,-66,119
-4,-64,118
-4,-62,118
0,-70,126
-1,-71,126
1,-71,125
0,-70,124
0,-69,122
0,-68,120
-1,-68,121
1,-68,119
0,-66,119
0,-64,118
0,-61,117
8,13,195
8,14,194
8,15,194
9,13,195
7,15,193
7,16,192
8,16,192
9,16,193
9,15,194
10,13,195
9,19,191
9,18,192
7,20,191
7,21,191
7,22,192
9,22,192
9,21,191
9,11,197
9,12,196
10,11,197
10,12,196
11,9,197
10,10,197
11,10,197
11,11,197
12,11,197
12,10,197
12,9,197
9,23,192
12,22,192
12,23,192
10,22,192
9,23,188
10,23,188
9,22,188
10,22,187
12,22,188
12,23,188
11,23,188
7,20,189
9,19,190
9,19,189
8,18,190
10,18,190
12,18,190
12,19,190
7,17,191
8,17,191
8,16,191
8,15,192
8,15,193
8,13,194
9,15,193
9,11,196
10,11,196
11,10,196
12,9,196
12,10,196
12,11,196
11,11,196
11,16,192
11,15,194
12,16,192
12,15,194
12,13,195
11,13,195
11,19,191
11,18,191
12,19,191
12,18,191
10,21,191
12,21,191
11,12,196
12,12,196
10,16,191
10,17,190
12,16,191
12,17,190
10,14,193
12,13,194
12,14,193
11,12,195
12,12,195
6,22,191
7,21,190
7,22,191
3,-72,181
3,-73,181
2,-72,179
-7,-72,176
-6,-72,177
-6,-72,176
-6,-73,176
-5,-73,176
-5,-73,177
-7,-71,176
1,-72,176
0,-73,175
1,-73,177
0,-73,176
0,-73,179
2,-73,179
2,-73,181
1,-74,181
2,-74,182
1,-74,182
3,-74,184
1,-75,184
3,-75,185
1,-75,185
3,-75,187
1,-75,188
-1,-75,188
-2,-75,188
-2,-74,185
-1,-74,185
-1,-74,184
-2,-74,184
-2,-74,182
-1,-74,182
-1,-74,181
-3,-73,181
-3,-73,179
-1,-73,179
-1,-73,177
0,-73,178
-3,-73,177
-3,-73,176
-1,-73,176
-1,-72,174
-1,-71,174
-3,-73,174
-3,-71,174
-3,-70,174
-1,-70,174
-1,-69,174
-3,-69,173
-4,-69,174
-4,-70,174
-4,-71,174
-4,-72,174
-4,-73,175
-5,-73,175
-3,-73,175
-4,-73,176
-4,-73,178
-4,-74,180
-4,-74,182
-4,-74,184
-4,-75,185
-4,-75,188
3,-71,178
2,-72,178
1,-73,178
-1,-73,175
-4,-73,177
7,19,190
8,13,196
7,13,194
8,11,196
9,22,187
9,21,187
10,21,187
11,21,187
12,22,187
6,20,190
10,20,188
8,21,188
12,20,189
12,20,188
12,21,188
7,22,189
8,22,189
7,21,189
7,21,188
10,12,198
11,11,198
12,11,198
9,15,197
9,13,197
10,13,197
10,14,197
10,15,197
9,14,195
10,14,195
9,22,197
11,21,197
12,20,197
12,21,197
-2,-68,121
-9,-70,116
-9,-69,117
-8,-68,119
-6,-73,113
-4,-73,112
-8,-72,113
2,-70,116
1,-71,114
0,-72,113
-9,-71,114
2,-69,118
-7,-68,120
-4,-65,119
0,-65,118
-2,-54,109
-2,-54,108
-5,-57,108
-3,-57,108
-2,-57,108
-1,-61,110
-1,-64,110
-1,-66,110
-1,-69,111
-1,-71,112
-1,-72,113
-2,-74,114
-1,-74,116
-1,-74,120
-2,-70,126
-9,-73,123
-8,-72,124
-8,-71,125
-3,-75,123
-6,-75,123
-7,-75,123
1,-73,123
1,-74,123
-8,-74,123
1,-72,124
-7,-70,126
-4,-69,124
0,-69,123
-1,-75,123
-6,-7,146
-2,-11,151
-10,-3,139
-6,-8,146
-15,9,126
-16,9,126
-17,13,122
-17,12,121
-16,12,123
-17,14,120
-17,14,121
-18,17,122
-18,16,120
-18,16,121
-19,19,122
-19,20,119
-20,22,123
-20,24,124
-20,23,119
-20,25,120
-20,25,124
-20,26,125
-20,27,121
-20,30,124
-20,28,126
-20,32,129
-21,35,128
-20,32,128
-22,38,135
-23,43,140
-23,44,140
-22,39,135
-23,47,145
-24,49,148
-24,49,147
-23,47,144
-24,50,149
-24,50,146
-24,50,148
-23,51,139
-23,51,129
-22,50,114
-22,49,114
-21,45,101
-20,41,85
-20,35,74
-20,24,51
-20,24,55
-20,30,61
-20,18,43
-20,13,41
-20,9,30
-19,4,25
-20,8,30
-19,-3,18
-19,-7,16
-19,-6,17
-19,-5,21
-20,1,35
-20,1,41
-20,4,46
-19,-5,48
-19,-1,46
-18,-10,44
-18,-9,46
-18,-7,46
-19,-6,53
-19,-5,53
-18,-8,48
-19,-2,59
-19,-1,64
-19,2,69
-19,-2,60
-18,-4,64
-18,-6,67
-18,-5,68
-18,-3,65
-17,-4,80
-18,-4,79
-18,-1,92
-18,2,96
-18,-3,80
-17,-5,103
-18,-2,99
-17,-3,113
-17,-2,113
-15,-3,128
-15,-2,128
-13,-5,135
-13,-4,135
-9,-7,140
-9,-6,140
-10,-5,140
-1,-12,152
-2,-5,143
0,-8,147
-5,-2,138
0,-9,146
1,-9,147
-5,-6,139
-5,-5,140
-8,-4,134
-11,-3,128
-12,-2,128
-13,-3,121
-12,-3,121
-13,-4,113
-13,-3,113
-13,-2,113
-12,-2,121
-13,-5,107
-14,-6,102
-14,-5,102
-14,-4,103
-13,-4,107
-14,-3,99
-14,2,96
-14,-2,99
-15,-4,79
-16,-6,66
-16,-5,67
-15,-3,79
-16,-4,64
-16,-1,64
-16,2,69
-16,-3,65
-16,-2,59
-17,-5,53
-16,-2,60
-17,-8,48
-17,-8,45
-17,-5,47
-17,-4,48
-17,-7,46
-17,2,41
-17,4,46
-17,-1,46
-17,1,35
-18,-7,16
-18,-6,17
-18,-5,21
-18,-3,18
-18,4,25
-17,9,30
-17,13,36
-17,13,41
-17,8,30
-17,19,43
-17,25,51
-17,25,55
-17,18,43
-17,31,60
-17,30,61
-17,36,71
-17,35,74
-18,42,85
-17,41,85
-18,45,101
-19,49,114
-20,51,128
-20,51,129
-21,52,139
-21,51,139
-21,51,146
-21,50,146
-22,51,149
-21,50,149
-21,50,148
-21,49,148
-21,47,145
-20,43,140
-20,44,140
-19,38,135
-18,35,129
-19,39,135
-17,32,129
-17,30,124
-17,27,122
-17,29,126
-17,26,125
-17,25,120
-17,25,125
-17,24,124
-17,23,119
-17,25,124
-16,23,123
-16,20,119
-15,19,122
-15,18,122
-15,17,120
-14,17,121
-14,14,120
-14,16,121
-13,14,122
-13,13,121
-13,15,121
-12,12,123
-11,9,126
-12,9,126
-13,12,123
-9,4,132
-3,-11,150
-8,-5,141
-10,-4,140
-9,-5,140
-9,-6,142
-13,3,132
-11,-2,137
-15,6,128
-16,4,127
-15,3,127
-15,-1,130
-13,-4,134
-11,-4,138
-10,-4,139
-16,11,123
-16,9,125
-16,11,121
-17,6,117
-16,5,118
-16,0,116
-16,-2,121
-16,-1,126
-16,4,126
-17,12,120
-17,4,112
-17,-3,106
-17,-4,108
-17,-1,112
-16,6,117
-21,37,127
-23,43,137
-23,47,135
-23,47,134
-22,50,127
-22,49,115
-21,45,107
-21,40,114
-20,40,115
-23,45,140
-23,49,147
-23,49,148
-23,50,146
-23,50,139
-23,50,134
-21,47,144
-21,49,147
-21,46,140
-20,48,135
-20,50,134
-21,50,139
-22,50,148
-20,43,137
-18,37,127
-18,40,115
-18,45,108
-19,49,115
-20,50,127
-20,47,134
-18,32,128
-18,35,125
-18,31,121
-17,33,99
-18,33,100
-18,36,82
-18,41,86
-18,43,99
-18,40,114
-15,15,118
-14,13,118
-14,5,111
-14,-2,103
-15,3,100
-15,10,109
-13,11,121
-13,9,125
-12,4,127
-12,4,126
-12,0,126
-13,-2,121
-13,0,116
-13,6,117
-9,3,132
-11,6,127
-7,-1,137
-5,-4,139
-6,-4,139
-6,-4,138
-9,-3,134
-11,-1,130
-4,-4,140
0,-9,147
-5,-4,140
-17,13,118
-18,15,118
-18,9,109
-18,3,100
-17,-2,103
-14,14,121
-13,12,120
-13,0,112
-13,-4,108
-14,-3,106
-14,5,112
-20,31,120
-20,35,125
-20,40,114
-20,43,99
-20,36,82
-20,32,99
-20,33,100
-17,30,120
-17,27,116
-17,26,88
-17,26,89
-17,26,64
-17,33,75
-18,32,99
-20,27,116
-20,30,119
-20,33,75
-20,26,64
-20,26,88
-20,26,89
-17,26,116
-17,24,114
-17,19,80
-17,19,81
-17,16,49
-17,18,44
-17,23,58
-17,25,88
-20,24,114
-20,26,116
-20,25,88
-20,23,58
-20,18,44
-20,16,49
-20,19,80
-20,19,81
-20,14,83
-20,6,51
-20,22,114
-20,23,113
-20,18,80
-20,12,45
-19,8,30
-19,-2,20
-18,-5,18
-19,-4,21
-19,-1,28
-19,1,35
-17,13,45
-17,23,113
-17,22,114
-17,14,83
-17,6,51
-18,1,35
-18,-1,28
-18,-4,21
-18,-2,20
-18,8,30
-17,5,54
-17,21,113
-17,23,123
-16,19,115
-16,11,94
-16,12,94
-16,4,72
-17,-1,60
-17,-5,54
-18,-7,49
-18,-8,47
-18,-7,48
-19,11,94
-19,12,94
-19,3,72
-19,19,115
-19,22,123
-20,21,113
-20,13,83
-20,5,54
-19,-4,48
-18,-5,54
-18,10,108
-18,3,95
-18,16,118
-19,19,121
-19,18,115
-19,3,73
-18,-2,80
-16,3,73
-16,18,115
-15,19,121
-15,16,118
-15,10,108
-15,3,95
-15,-2,80
-16,-5,68
-21,50,114
-24,53,153
-24,53,154
-24,53,155
-22,51,146
-18,42,84
-18,36,71
-18,31,60
-18,25,51
-18,19,43
-18,14,36
-24,54,157
-17,-4,84
-4,-10,146
-8,-7,140
-12,-5,135
-15,-4,98
-14,-6,107
-14,-4,113
-13,-4,121
10,-48,180
12,-48,180
12,8,197
8,-13,161
12,-15,163
11,18,186
12,18,186
9,22,191
12,22,191
12,21,189
12,22,189
12,22,190
10,22,190
14,-59,6
14,-60,5
13,-60,5
13,-59,6
14,-61,6
13,-61,6
22,-32,190
22,-28,191
20,-28,191
19,-32,191
23,-25,191
20,-24,191
18,-24,192
17,-27,192
17,-31,192
22,-44,154
22,-45,158
19,-45,158
19,-44,154
22,-45,162
19,-46,162
17,-46,162
17,-46,158
17,-45,154
29,-20,157
30,-21,161
32,-25,159
31,-24,155
31,-21,163
33,-26,162
33,-32,161
32,-31,157
31,-30,154
36,-32,167
36,-28,167
37,-29,169
37,-32,170
35,-25,168
36,-25,170
37,-25,173
38,-29,172
38,-33,173
14,-60,6
14,-60,7
14,-61,7
25,-16,188
24,-20,190
26,-21,190
27,-17,188
26,-25,191
29,-25,190
28,-21,189
28,-18,187
21,-48,171
22,-46,167
26,-45,167
24,-47,170
25,-44,162
29,-41,162
30,-42,166
32,-45,171
28,-46,170
26,-48,170
22,-16,158
24,-16,161
27,-18,161
26,-17,158
26,-16,163
28,-18,164
31,-75,185
31,-75,184
32,-74,184
33,-74,185
31,-74,182
32,-74,182
34,-73,182
34,-73,184
34,-73,185
26,-14,168
27,-14,172
30,-16,171
29,-17,168
28,-14,174
30,-16,174
33,-18,173
32,-18,171
32,-19,168
24,-13,188
21,-13,189
22,-16,190
23,-12,187
20,-11,188
18,-11,189
18,-13,190
19,-16,191
24,-12,169
25,-13,172
21,-10,170
23,-11,173
24,-11,175
26,-13,175
22,-36,189
25,-37,189
25,-32,191
22,-40,187
25,-40,188
29,-41,188
29,-37,190
29,-33,191
35,-33,187
35,-37,186
36,-38,183
37,-33,183
34,-41,185
35,-41,182
36,-41,179
37,-37,179
37,-33,179
36,-36,168
34,-38,166
35,-32,164
35,-39,169
34,-41,169
32,-37,161
33,-33,113
33,-37,115
30,-38,113
30,-36,112
32,-41,117
30,-42,115
28,-42,114
28,-40,112
28,-38,111
22,-39,112
22,-41,113
20,-40,113
20,-39,112
22,-42,115
20,-42,116
17,-42,116
17,-40,113
17,-38,111
31,-49,172
29,-50,171
31,-53,172
30,-53,171
28,-53,171
27,-50,170
23,-51,172
22,-50,174
20,-48,174
25,-53,172
24,-53,174
23,-53,176
21,-50,176
19,-48,177
21,-46,182
23,-50,180
25,-50,181
25,-47,183
24,-53,179
26,-53,180
28,-54,181
28,-51,182
28,-48,184
33,-47,182
32,-51,180
33,-50,178
34,-47,180
32,-53,179
32,-53,178
33,-53,176
33,-50,177
34,-46,177
31,-56,172
30,-56,171
31,-58,172
30,-58,172
28,-58,171
28,-56,171
25,-56,172
24,-56,174
25,-58,173
24,-58,174
24,-58,176
24,-56,176
24,-56,179
26,-56,180
24,-58,180
26,-58,181
28,-58,181
28,-56,180
31,-56,179
32,-56,178
31,-58,180
32,-58,178
32,-58,177
33,-56,176
31,-67,175
31,-68,175
30,-67,174
30,-67,175
31,-68,174
30,-68,174
30,-68,173
28,-68,173
28,-67,173
28,-67,174
24,-66,177
23,-68,176
23,-69,178
23,-67,178
23,-69,175
23,-70,177
23,-70,178
22,-71,179
22,-70,180
22,-71,182
22,-69,181
23,-67,180
26,-66,184
25,-67,185
27,-67,185
27,-65,184
25,-68,186
27,-68,187
28,-68,187
28,-67,185
28,-65,184
33,-66,183
34,-68,184
35,-68,183
34,-67,182
34,-70,185
35,-70,183
35,-71,182
35,-69,182
34,-67,181
15,-35,191
15,-31,192
14,-39,189
17,-39,189
17,-35,191
14,-4,187
14,0,185
17,-4,187
16,-1,185
16,3,184
14,3,184
21,-5,186
22,-5,183
21,-2,182
20,-2,184
23,-5,180
21,-2,179
20,1,179
20,1,181
19,2,183
20,-4,173
16,-3,172
16,0,172
19,-1,173
16,3,172
19,2,173
14,6,183
15,5,183
15,8,182
14,8,182
19,4,180
18,4,182
20,4,178
19,6,177
19,6,179
18,6,181
16,5,171
18,4,172
15,7,171
18,6,171
13,15,180
13,18,179
15,15,180
15,18,179
15,20,179
13,20,179
17,14,179
18,14,177
18,17,176
17,17,178
19,13,175
19,17,174
20,20,173
18,20,176
17,20,178
18,13,169
15,14,168
15,18,167
17,17,168
15,21,166
17,20,167
13,22,179
13,23,179
14,22,179
14,23,179
17,22,178
19,23,176
18,24,176
17,23,178
20,24,173
20,25,174
19,27,175
18,25,177
17,23,179
17,27,168
15,28,167
15,30,168
17,29,169
15,32,169
17,31,170
16,24,179
15,23,179
15,23,180
14,23,180
15,34,171
14,35,173
16,34,174
17,33,172
18,32,173
18,30,171
18,33,174
19,31,175
19,30,174
19,29,172
16,24,180
16,23,181
15,23,181
14,22,181
14,35,183
14,36,179
15,34,187
17,33,187
16,34,183
16,35,179
18,33,183
18,34,179
18,32,186
19,30,185
19,32,182
19,32,179
16,22,183
15,22,182
16,21,184
15,21,184
14,21,183
14,22,182
15,32,189
15,31,190
18,30,191
17,32,189
19,30,188
19,29,190
19,28,190
19,28,189
20,27,189
19,29,187
16,20,185
15,20,184
16,19,186
15,19,185
14,18,185
14,20,184
14,31,194
14,32,194
14,30,195
15,30,195
15,31,195
15,32,195
19,28,191
20,27,190
20,27,191
20,26,191
20,24,190
20,25,189
16,15,190
16,13,192
15,13,191
15,15,190
15,12,193
14,12,192
14,13,191
14,15,190
13,17,197
13,19,196
13,16,197
14,16,197
14,18,196
14,19,196
16,20,195
16,18,196
17,18,195
16,20,194
16,16,197
17,15,196
17,14,196
18,16,195
18,18,194
18,19,194
17,21,194
32,-69,175
32,-71,175
31,-71,175
31,-70,175
31,-72,175
30,-72,175
30,-71,174
30,-70,174
24,-71,175
23,-71,176
24,-72,175
24,-72,176
23,-72,177
23,-71,177
35,-72,185
35,-72,184
34,-72,182
24,-70,188
26,-70,188
24,-71,190
26,-71,190
27,-71,191
28,-70,189
34,-71,187
34,-72,187
34,-71,189
34,-73,189
34,-74,189
34,-74,187
33,-74,187
33,-74,189
31,-75,190
31,-75,188
21,-74,185
21,-74,187
21,-73,187
21,-72,185
21,-74,189
21,-73,189
21,-72,189
21,-71,187
22,-70,185
14,-47,162
14,-48,166
16,-47,166
16,-48,171
14,-49,171
34,-26,165
32,-20,166
34,-23,167
25,-43,158
28,-40,158
25,-43,154
28,-40,154
28,-17,166
26,-15,165
31,-36,157
30,-35,153
15,-23,192
15,-19,192
18,-20,191
15,-15,191
34,-25,187
35,-25,183
34,-21,183
32,-22,187
36,-25,179
34,-21,179
32,-17,179
32,-18,183
31,-20,186
31,-25,189
32,-29,190
35,-29,187
29,-29,191
32,-33,189
32,-41,187
31,-45,185
33,-44,184
28,-44,186
31,-48,183
36,-39,171
35,-42,172
36,-40,173
35,-43,174
34,-46,174
34,-45,172
19,-39,188
19,-43,185
21,-43,185
17,-43,186
16,-46,183
18,-45,182
15,-10,189
15,-7,188
17,-8,188
24,-12,184
23,-9,184
22,-9,187
25,-11,180
24,-9,180
17,-9,169
16,-7,171
20,-7,172
30,-29,149
30,-24,150
30,-29,144
30,-24,145
28,-20,145
28,-19,151
25,-17,152
25,-17,145
22,-16,145
22,-16,152
19,-15,152
20,-15,156
19,-16,145
17,-15,145
17,-15,152
17,-15,156
14,-43,148
15,-45,154
14,-42,143
17,-42,143
17,-43,148
22,-42,148
25,-41,149
22,-41,143
25,-40,144
28,-38,144
28,-39,149
30,-35,149
30,-34,144
31,-30,141
30,-25,140
32,-31,138
31,-26,136
28,-23,135
28,-21,140
25,-19,139
25,-21,134
22,-19,133
22,-18,139
19,-17,139
19,-19,133
17,-19,133
17,-17,139
14,-42,140
15,-42,138
17,-42,138
17,-42,140
22,-41,140
25,-40,141
22,-42,138
26,-41,138
30,-39,139
28,-38,141
30,-35,141
31,-35,138
32,-28,133
29,-24,131
33,-32,135
34,-33,131
33,-29,129
30,-25,127
26,-21,130
22,-20,130
26,-21,126
22,-19,126
15,-19,133
15,-20,129
17,-19,129
17,-20,126
14,-20,126
19,-42,138
20,-43,136
23,-43,137
17,-42,136
17,-43,134
20,-43,134
23,-43,134
27,-42,137
31,-40,136
26,-43,136
28,-43,136
29,-43,136
32,-41,134
33,-36,136
34,-37,133
13,21,179
14,21,179
19,22,176
17,21,178
20,22,173
15,25,166
17,23,167
13,12,181
15,11,181
18,10,178
17,10,180
19,10,176
15,10,169
18,10,170
37,-29,179
36,-29,183
32,-73,180
33,-72,180
31,-73,180
30,-73,178
32,-72,178
32,-72,177
33,-72,178
33,-72,179
30,-15,180
30,-16,183
28,-14,180
28,-15,184
29,-18,186
26,-13,180
25,-13,184
27,-14,185
37,-37,176
38,-33,176
36,-40,176
37,-37,173
22,-50,178
20,-47,179
23,-53,178
34,-50,175
34,-46,175
33,-53,175
33,-53,174
34,-50,174
24,-56,178
24,-58,178
33,-56,175
33,-58,175
33,-58,174
33,-56,174
22,-68,183
23,-67,182
22,-70,183
23,-68,184
23,-66,183
35,-69,180
34,-67,180
35,-70,181
34,-70,179
34,-69,179
34,-67,178
17,-47,177
18,-48,174
16,-48,177
16,-48,174
18,-48,171
22,-2,178
21,1,177
23,-5,178
22,-5,176
22,-1,176
21,1,175
20,4,176
20,6,175
20,4,175
20,6,174
20,17,172
20,20,172
19,13,173
19,13,171
20,17,171
20,20,170
20,26,172
20,28,173
20,24,172
20,25,170
20,27,171
19,28,176
18,25,178
19,28,177
18,26,178
19,29,179
18,28,181
17,26,181
18,26,180
18,27,184
17,25,182
19,26,185
17,24,184
19,24,187
18,22,185
19,22,188
18,21,186
20,21,188
18,20,187
22,-72,182
21,-72,184
22,-73,182
21,-74,184
34,-72,181
34,-71,179
35,-21,176
33,-17,176
37,-25,176
35,-21,173
35,-44,178
34,-44,181
24,-8,178
25,-11,177
23,-8,176
20,22,172
20,23,170
20,9,174
20,9,173
13,23,180
14,36,176
16,35,176
19,30,176
19,31,177
19,29,178
19,32,177
19,31,179
18,26,179
14,-42,130
15,-42,134
14,-42,126
16,-42,126
17,-42,130
34,-41,130
35,-37,128
34,-41,125
35,-37,124
35,-33,122
35,-33,126
33,-29,124
33,-29,120
30,-25,119
30,-25,123
26,-21,122
26,-22,118
22,-19,118
22,-19,122
19,-19,122
19,-19,126
19,-19,118
17,-20,118
17,-20,122
24,-45,134
26,-45,135
24,-47,133
26,-48,135
28,-47,135
28,-45,136
32,-44,134
33,-44,130
32,-47,133
33,-47,130
34,-47,126
34,-44,126
32,-44,118
30,-44,116
32,-47,119
30,-47,117
28,-47,116
28,-45,115
24,-45,117
22,-45,121
21,-42,120
24,-47,119
23,-47,122
22,-47,126
21,-45,126
20,-43,126
24,-51,132
26,-51,133
25,-54,129
26,-54,130
28,-55,130
28,-51,134
32,-51,132
33,-50,129
32,-54,129
33,-53,127
33,-51,124
34,-49,126
32,-48,119
32,-49,118
30,-49,117
28,-48,116
28,-47,117
24,-48,119
23,-48,122
25,-49,118
24,-50,121
23,-51,124
23,-49,126
25,-56,123
27,-57,123
25,-59,117
26,-59,118
27,-60,118
27,-59,119
29,-59,119
29,-57,124
32,-56,123
33,-55,121
32,-59,117
33,-57,116
33,-56,115
33,-54,119
31,-52,115
30,-51,114
31,-54,112
30,-54,111
29,-53,111
28,-51,114
25,-52,115
24,-53,117
26,-55,112
25,-55,113
25,-56,115
24,-54,119
33,-60,114
33,-58,114
34,-60,113
33,-58,113
31,-55,110
30,-54,109
31,-55,108
30,-54,108
29,-54,108
29,-53,109
27,-55,110
25,-57,111
27,-55,108
26,-57,109
25,-61,110
24,-60,112
24,-60,113
24,-58,113
27,-62,118
28,-62,118
26,-64,118
28,-64,118
29,-64,118
29,-62,118
33,-61,116
33,-62,115
33,-64,116
34,-64,115
34,-65,113
34,-63,113
32,-61,110
33,-64,110
31,-64,110
31,-61,110
33,-66,111
31,-66,110
29,-66,110
29,-64,110
29,-61,110
25,-64,110
24,-63,112
25,-66,111
24,-66,112
23,-65,113
24,-63,113
26,-65,119
27,-65,119
26,-66,119
27,-66,119
29,-66,119
29,-65,119
33,-65,117
34,-66,115
33,-67,118
34,-67,116
34,-68,115
34,-67,114
33,-68,111
31,-69,111
33,-70,112
31,-71,112
29,-71,112
29,-69,111
25,-68,112
24,-68,113
25,-70,113
24,-69,114
23,-68,115
23,-67,114
26,-69,122
26,-70,124
27,-69,124
27,-69,122
26,-70,125
27,-70,125
29,-70,125
29,-69,124
29,-68,122
33,-69,120
33,-70,122
34,-71,120
34,-70,119
33,-70,123
34,-71,122
34,-72,121
34,-72,119
35,-71,117
33,-73,114
33,-74,117
31,-74,116
31,-74,114
33,-74,120
31,-75,120
29,-75,120
29,-74,116
29,-74,114
25,-73,115
25,-74,117
24,-73,118
24,-72,116
25,-74,119
24,-73,120
24,-72,121
24,-72,119
23,-71,117
15,-36,110
15,-38,111
15,-36,109
17,-36,109
17,-37,110
22,-38,111
24,-37,110
25,-39,112
22,-36,109
25,-36,109
27,-36,109
27,-37,110
31,-32,110
30,-29,109
32,-28,112
29,-32,109
29,-30,107
27,-29,105
28,-27,108
29,-25,111
25,-25,107
25,-23,111
24,-28,105
21,-27,105
21,-24,107
22,-22,111
19,-24,107
19,-21,111
18,-26,105
16,-26,105
16,-24,107
17,-21,111
15,-35,108
15,-36,108
17,-36,108
22,-36,108
26,-35,108
25,-35,108
27,-33,107
28,-32,108
28,-34,109
28,-31,106
27,-32,105
25,-31,103
26,-30,104
24,-29,103
24,-30,103
21,-29,103
21,-28,103
19,-28,103
19,-29,103
17,-29,103
17,-27,103
15,-37,106
15,-39,105
17,-39,105
17,-37,106
22,-38,106
24,-36,106
22,-40,105
23,-39,104
24,-37,104
26,-35,106
26,-33,104
24,-35,102
24,-34,101
25,-32,102
23,-31,102
22,-33,100
21,-33,100
21,-31,101
19,-30,101
19,-32,100
17,-32,100
17,-30,101
14,-43,102
14,-47,98
17,-47,98
17,-43,102
21,-43,102
22,-42,101
21,-47,98
22,-46,98
23,-45,97
23,-41,101
23,-39,99
22,-43,96
22,-42,95
23,-38,98
21,-37,97
20,-41,94
19,-40,94
20,-36,97
18,-36,97
17,-40,93
15,-40,93
16,-36,97
14,-50,95
14,-53,91
16,-53,91
17,-50,95
21,-50,95
22,-49,94
20,-53,91
22,-52,91
22,-51,90
22,-48,94
22,-46,93
22,-50,89
21,-49,88
21,-45,92
20,-44,91
20,-48,88
18,-47,87
18,-44,91
17,-43,90
17,-47,87
15,-47,87
15,-43,90
14,-57,88
14,-60,84
16,-60,84
16,-57,88
20,-57,87
21,-56,87
20,-60,83
21,-59,83
22,-58,82
22,-55,86
22,-53,85
22,-57,81
21,-56,80
21,-52,84
20,-52,84
20,-55,80
18,-55,80
18,-51,84
17,-51,83
17,-54,80
15,-54,79
15,-51,83
14,-64,80
14,-67,75
15,-67,75
16,-64,80
19,-64,79
20,-63,78
18,-67,74
20,-66,73
21,-64,72
21,-62,77
21,-60,76
21,-63,71
20,-62,71
21,-59,75
19,-58,75
19,-61,70
18,-60,70
18,-58,75
16,-57,75
16,-60,70
15,-60,70
15,-57,75
14,-69,69
14,-71,63
15,-71,63
15,-69,69
18,-69,69
20,-68,68
18,-71,63
20,-70,63
21,-68,62
21,-67,67
21,-65,66
21,-67,61
20,-66,61
20,-64,66
19,-63,66
19,-65,61
18,-64,61
18,-62,66
16,-62,66
16,-64,61
15,-64,61
15,-62,66
14,-72,58
14,-73,53
15,-73,53
15,-72,58
18,-72,58
19,-71,58
18,-72,53
19,-71,53
20,-70,53
20,-69,57
21,-68,57
20,-69,52
20,-67,52
20,-67,57
19,-66,57
19,-66,52
17,-66,53
17,-65,57
16,-65,57
16,-65,53
15,-65,52
15,-65,57
14,-73,48
13,-73,43
15,-73,43
15,-73,48
18,-73,48
19,-72,48
17,-73,43
19,-72,43
20,-71,43
20,-70,48
20,-69,48
20,-69,43
20,-68,43
20,-68,47
19,-67,48
19,-67,43
18,-66,43
17,-66,48
16,-66,48
16,-66,43
15,-66,43
15,-66,48
13,-73,38
13,-72,33
15,-72,33
15,-73,38
17,-72,38
19,-71,38
17,-72,33
18,-71,33
19,-69,33
20,-70,38
20,-69,38
19,-68,33
19,-67,33
19,-68,38
18,-67,38
18,-66,33
17,-65,33
17,-66,38
16,-66,38
16,-65,33
15,-65,33
15,-65,38
13,-71,29
13,-70,25
14,-70,25
14,-71,29
16,-71,29
17,-70,29
16,-69,25
17,-69,25
17,-67,25
18,-69,29
18,-67,29
17,-66,24
17,-65,24
18,-66,29
17,-65,29
16,-64,24
16,-63,25
16,-65,29
15,-64,29
15,-63,24
14,-63,24
14,-64,29
13,-68,20
13,-66,15
14,-66,15
14,-68,20
16,-68,20
17,-67,20
16,-66,15
16,-65,15
17,-64,15
17,-66,20
17,-65,20
17,-63,15
16,-62,15
17,-64,20
16,-63,20
15,-61,15
15,-62,20
14,-62,20
14,-61,15
14,-60,15
14,-61,20
13,-63,10
14,-63,10
15,-63,10
15,-62,10
15,-61,10
15,-60,10
14,-60,10
14,-59,10
13,-59,10
18,-42,125
19,-42,120
17,-42,121
34,-37,119
34,-33,117
34,-41,121
33,-29,116
30,-25,115
26,-22,114
22,-20,114
14,-20,118
14,-21,114
17,-20,114
14,-21,111
33,-44,122
33,-47,122
22,-45,130
21,-43,130
22,-47,130
33,-48,122
33,-50,121
23,-50,129
24,-53,127
33,-53,117
32,-55,113
24,-55,121
25,-57,116
32,-57,111
33,-60,112
31,-57,109
24,-58,114
24,-60,114
34,-63,112
34,-66,112
24,-62,115
24,-64,115
24,-64,116
25,-61,116
34,-68,112
34,-69,113
24,-66,116
24,-67,117
24,-67,118
24,-65,117
34,-73,118
34,-72,115
34,-73,120
24,-71,120
24,-70,119
24,-71,122
24,-70,123
24,-70,122
24,-69,120
29,-20,189
30,-22,189
32,-37,189
30,-51,181
30,-54,180
30,-56,180
30,-58,181
31,-66,184
31,-67,185
33,-67,184
32,-65,184
31,-68,186
33,-69,185
31,-70,188
33,-70,187
31,-71,190
33,-71,189
26,-29,191
25,-44,186
31,-23,189
30,-44,135
30,-47,135
30,-51,133
31,-54,130
31,-57,123
30,-59,119
31,-60,118
31,-59,118
31,-62,118
32,-61,117
31,-64,118
32,-64,118
31,-65,119
32,-65,118
31,-66,119
32,-66,119
31,-69,122
31,-70,124
32,-69,123
32,-69,122
31,-70,125
32,-70,124
25,-40,113
25,-42,114
26,-45,115
26,-47,117
26,-49,117
27,-51,114
27,-54,111
29,-34,110
25,-50,171
26,-53,171
27,-56,171
26,-58,172
26,-67,174
26,-67,175
27,-68,173
26,-68,174
25,-68,174
24,-68,175
25,-68,175
25,-67,175
25,-70,174
25,-71,175
24,-70,175
25,-72,175
17,-13,157
18,-13,156
15,-15,156
20,-12,154
21,-13,154
22,-13,154
20,-14,156
23,-14,157
25,-14,158
26,-12,154
28,-11,154
29,-11,156
26,-13,160
27,-13,162
29,-10,157
29,-9,159
27,-12,164
25,-10,165
27,-8,162
25,-7,163
23,-9,166
20,-8,165
23,-7,163
23,-6,163
22,-7,163
20,-7,161
17,-9,165
16,-10,163
19,-8,160
19,-10,158
16,-12,162
16,-14,160
16,-14,158
20,-12,156
20,-12,155
24,-12,151
25,-11,149
27,-10,146
24,-12,150
25,-10,147
27,-8,144
31,-6,140
31,-7,140
32,-7,140
28,-10,146
25,-12,150
31,-7,147
32,-7,148
35,-2,139
36,-1,140
37,-1,141
32,-6,149
33,-5,150
37,0,143
37,1,144
33,-4,152
32,-3,152
29,-6,158
36,2,145
35,3,147
31,-2,153
28,-5,159
30,-1,157
29,-1,158
26,-4,160
33,3,154
32,3,156
28,-1,159
26,-4,161
23,-6,153
23,-5,155
26,-2,150
26,-3,148
23,-4,157
26,-2,152
30,2,146
30,2,144
30,1,142
24,-8,151
23,-7,152
26,-4,147
27,-4,146
30,0,141
30,0,140
24,-9,148
24,-8,149
27,-5,145
27,-5,144
30,-1,139
30,-1,138
34,-5,134
35,-5,134
37,-4,128
37,-5,128
38,-5,128
36,-6,134
38,4,132
39,5,133
41,10,127
41,10,128
42,10,129
40,5,134
40,6,135
42,11,130
42,11,131
40,7,136
39,7,137
41,12,131
41,12,134
38,8,140
37,8,151
36,8,153
40,12,148
39,13,151
38,13,151
35,8,153
34,8,139
33,7,136
36,12,134
36,12,131
36,11,130
33,6,135
33,6,134
36,11,129
36,10,128
33,5,133
36,10,127
34,5,132
39,-5,121
40,-4,121
39,-5,128
40,-5,113
41,-5,113
42,-4,113
41,-3,121
40,-4,128
42,12,124
42,12,125
42,14,123
43,14,124
43,14,125
43,13,126
43,13,127
44,14,127
44,14,128
43,13,128
42,13,129
43,15,129
42,15,132
42,14,132
41,14,147
40,14,150
41,15,147
41,15,150
40,15,150
39,14,151
37,14,132
37,14,128
38,15,131
38,15,128
37,15,127
37,13,127
37,14,126
37,14,125
37,13,126
37,13,125
38,14,124
38,14,123
37,12,124
40,-6,107
41,-6,107
41,-7,102
42,-6,102
42,-5,107
42,15,122
43,16,123
43,15,122
43,16,122
44,18,122
44,18,124
45,19,126
44,16,125
44,16,127
45,19,127
45,19,128
44,16,128
44,16,129
44,19,129
44,19,132
43,17,132
42,17,147
41,17,150
43,19,147
42,19,149
41,20,150
40,17,150
39,17,132
38,17,128
40,19,132
39,19,129
39,19,128
38,17,127
38,17,126
39,19,126
39,19,125
38,16,125
38,16,123
39,18,124
40,18,122
39,16,122
38,15,122
44,19,123
45,21,125
44,21,123
45,22,124
45,24,125
46,24,126
46,25,128
46,22,126
46,22,128
47,25,129
46,24,130
46,22,129
45,21,130
46,24,131
45,24,134
44,21,133
44,22,147
43,22,149
45,24,147
44,24,149
43,25,150
42,22,150
41,22,133
41,22,130
42,24,133
42,24,131
41,25,130
40,22,128
40,22,127
41,25,129
41,25,128
40,22,126
40,21,124
41,25,126
42,24,125
41,22,124
41,21,123
40,20,123
45,25,126
46,28,128
45,25,125
45,26,126
45,27,126
46,28,127
46,30,128
46,31,129
46,34,131
47,32,131
47,32,132
47,28,129
47,27,131
47,31,133
47,30,134
47,27,132
46,26,132
46,29,136
46,26,135
45,27,147
44,27,150
46,29,147
45,30,150
44,30,150
42,27,134
42,27,132
43,30,136
43,30,134
42,31,134
42,27,131
42,28,130
42,32,133
42,32,132
42,28,129
42,28,128
43,33,131
43,34,131
42,31,129
42,30,128
42,28,127
42,27,126
42,26,126
43,46,99
44,50,114
45,50,114
44,47,99
45,52,128
46,52,128
47,52,128
46,50,114
45,47,99
47,38,136
48,37,136
48,42,141
49,42,141
49,41,142
48,36,137
49,36,137
50,40,142
49,40,143
48,35,138
48,34,138
49,39,143
48,39,144
47,34,140
47,34,148
46,34,150
48,39,149
47,39,151
46,39,151
45,34,151
44,34,140
44,35,138
45,39,144
45,40,143
44,40,143
43,35,138
43,36,137
44,41,142
43,37,137
44,37,136
45,42,141
45,43,141
44,38,136
47,51,150
47,52,152
47,52,151
47,53,152
48,53,152
48,52,151
49,50,150
49,51,152
50,51,152
50,49,150
50,52,152
50,51,153
51,51,153
51,50,152
50,49,151
51,49,153
50,48,151
51,50,154
51,49,154
50,47,152
50,48,154
51,48,154
50,48,155
49,48,154
49,46,152
48,47,153
49,48,155
48,48,155
48,48,154
47,47,152
47,48,154
46,49,154
46,47,152
47,48,155
46,50,154
46,49,153
46,48,151
46,50,153
45,50,153
46,51,153
46,50,152
46,49,151
46,51,152
46,50,150
47,52,153
47,53,153
47,53,154
48,53,154
48,53,153
50,52,153
50,53,154
50,52,154
51,51,155
51,51,154
51,50,155
51,49,155
51,49,156
50,49,156
50,49,155
49,49,156
48,49,155
47,49,155
46,49,155
47,49,156
47,50,156
46,50,155
46,51,154
46,51,155
46,52,155
46,52,153
46,52,154
47,53,155
48,53,155
48,53,156
49,53,156
49,53,155
50,53,155
50,52,155
50,53,156
50,52,156
51,52,155
51,51,156
51,51,157
51,50,156
50,50,156
50,51,157
50,50,157
49,50,157
49,51,157
48,50,156
48,51,157
47,51,157
46,51,156
47,52,156
47,52,155
48,51,128
48,52,139
49,52,139
47,52,139
48,52,146
48,51,146
49,51,146
49,46,146
50,46,147
49,47,146
50,45,147
50,44,148
49,44,148
49,43,148
46,44,148
45,45,147
46,43,148
45,46,147
46,46,146
46,47,146
26,-6,161
25,-6,162
24,-6,162
24,-4,158
27,-1,154
24,-4,159
27,-1,156
30,3,153
30,3,150
34,8,145
34,8,150
36,12,148
36,12,141
37,14,139
38,14,147
38,15,146
38,15,139
39,17,139
39,17,146
40,20,146
40,19,139
41,22,139
41,22,146
42,25,146
42,24,140
42,27,140
42,27,147
43,30,147
43,30,142
44,34,144
44,34,148
45,39,149
45,39,146
46,42,149
46,43,151
48,43,151
48,42,149
48,39,146
47,34,144
46,29,142
45,26,141
45,24,140
44,22,140
43,19,140
42,17,139
42,15,139
41,14,140
40,12,141
37,8,145
34,3,150
31,0,154
22,-12,152
23,-13,153
24,-13,153
28,-10,149
28,-11,150
30,-8,146
31,-9,146
31,-8,146
33,-6,143
33,-6,142
36,-1,136
36,-3,137
38,0,133
38,2,132
38,-3,134
39,-1,131
40,2,129
39,4,129
41,8,124
41,4,125
41,5,122
41,10,123
41,1,124
41,0,121
41,1,118
41,5,119
41,9,121
42,10,119
42,6,116
42,5,115
42,12,119
42,1,113
42,-1,110
42,0,109
42,5,113
42,10,117
46,39,126
46,41,118
47,44,125
47,40,132
46,45,113
47,47,117
47,48,126
48,46,132
47,43,134
48,46,140
48,48,137
48,48,142
48,47,143
48,49,136
48,50,140
49,49,144
48,49,146
48,48,145
49,51,149
48,51,150
49,51,151
47,48,145
47,49,146
47,48,142
46,47,143
47,50,144
46,50,140
46,49,137
46,48,137
46,47,140
45,43,135
45,46,132
45,44,125
45,40,132
45,48,126
45,47,118
44,45,113
44,41,118
44,39,126
43,36,121
43,39,112
43,36,107
43,33,123
43,41,101
43,40,91
43,37,90
43,34,102
43,33,116
40,13,115
40,9,109
40,7,110
40,14,118
40,4,103
40,0,102
40,1,105
40,6,111
40,11,116
38,9,121
38,5,119
38,5,122
38,10,123
38,1,118
38,0,121
38,1,124
38,4,125
38,8,124
36,4,129
37,3,129
34,0,133
34,2,132
36,0,131
34,-2,134
32,-3,137
33,-1,136
29,-5,141
27,-7,144
27,-6,143
29,-5,142
26,-8,145
26,-8,146
42,-4,98
43,-3,99
41,-4,98
41,-2,92
42,-2,93
43,-1,93
43,11,116
43,5,111
43,7,110
43,14,118
43,0,105
43,0,102
43,3,103
43,8,109
43,13,116
39,10,117
39,5,113
39,5,114
39,12,119
39,0,109
39,-1,110
39,1,113
39,6,116
39,10,119
45,36,71
45,42,84
46,41,84
44,37,71
44,42,84
46,46,99
45,32,116
45,34,102
45,36,107
45,33,123
45,36,90
45,39,91
45,41,100
45,39,112
46,35,121
43,30,113
43,31,97
43,29,94
43,29,118
43,32,80
43,30,70
43,28,73
43,27,90
43,28,110
45,25,51
45,31,60
45,30,60
44,25,51
44,31,60
45,27,110
45,27,90
45,29,94
45,29,118
45,27,72
45,30,70
45,32,80
45,31,97
45,30,113
43,26,108
43,24,87
43,22,84
43,25,114
43,22,65
43,20,54
43,18,59
43,20,82
43,24,106
45,13,36
44,14,35
45,19,43
44,19,43
45,23,105
45,20,82
45,22,84
45,25,114
45,18,59
45,19,54
45,22,65
45,24,87
45,25,108
43,1,41
43,0,35
44,0,35
44,1,41
43,-2,28
44,-2,28
45,0,35
45,1,41
45,7,55
45,3,40
44,9,56
45,13,76
44,0,31
44,-1,30
44,-3,24
44,1,30
44,4,29
45,8,37
45,12,51
45,16,74
45,21,102
45,21,107
45,19,103
45,9,30
44,9,30
44,4,24
44,5,25
44,7,26
43,12,51
43,8,37
43,9,56
43,16,74
43,4,29
43,1,30
43,-2,24
43,-1,30
43,0,31
43,3,40
43,7,55
43,13,76
43,20,103
43,21,107
43,21,102
44,-5,22
44,-6,20
43,-6,20
44,-8,14
43,4,24
43,5,25
44,1,21
43,-2,19
44,-2,19
44,-1,45
44,-5,47
43,-5,47
43,-1,45
43,5,61
43,1,53
43,5,72
43,11,80
43,-3,51
43,-4,54
43,-6,51
43,-4,55
43,-3,56
42,0,63
42,5,74
42,10,89
42,17,107
42,18,110
42,18,104
42,-2,63
42,-3,59
43,-3,59
43,-2,63
42,-6,53
43,-6,54
44,-6,53
44,-3,59
44,-2,63
44,4,74
44,0,63
44,5,72
44,10,89
44,-3,56
44,-4,55
44,-6,51
44,-4,54
44,-3,51
44,0,53
45,5,61
45,11,80
45,17,104
44,18,110
44,17,107
43,-7,45
43,-8,45
44,-8,45
43,-11,43
43,-8,49
43,-9,47
40,-1,92
41,-4,80
41,-3,84
40,-2,93
42,-8,65
42,-5,81
43,4,95
43,0,83
43,7,94
43,9,105
43,-2,73
43,0,73
44,4,79
44,10,94
44,15,109
44,16,114
44,14,114
43,-5,63
42,-3,64
42,-4,63
41,4,79
41,0,73
41,7,94
41,10,94
41,-2,73
41,0,83
40,4,94
40,9,105
41,14,114
41,16,114
41,15,109
28,-63,174
30,-63,174
30,-64,175
28,-64,175
31,-63,175
32,-65,176
32,-66,176
30,-66,176
28,-66,175
23,-63,178
24,-63,176
23,-65,177
23,-65,179
24,-63,175
24,-65,176
28,-62,183
26,-62,182
26,-64,183
28,-64,183
24,-62,181
24,-64,182
25,-65,183
33,-63,179
32,-62,180
33,-64,181
33,-65,180
32,-62,182
32,-64,182
23,-62,180
23,-64,181
32,-63,176
33,-65,177
33,-63,176
33,-67,177
30,-62,182
31,-64,183
30,-65,184
26,-63,174
26,-64,175
26,-66,176
31,-67,176
30,-66,175
26,-66,175
24,-67,176
24,-69,175
25,-69,174
30,-69,174
31,-69,174
32,-68,175
33,-68,176
13,17,187
13,16,188
14,17,187
14,16,188
13,15,189
18,26,195
17,27,195
17,25,196
18,25,195
15,27,195
15,25,196
15,24,196
16,24,196
18,24,196
19,19,191
19,20,192
19,18,192
19,21,192
19,20,193
18,17,193
18,16,193
18,17,192
18,18,192
18,18,191
18,30,192
18,29,192
19,29,191
17,31,193
18,30,193
18,29,194
18,28,193
19,28,192
19,26,193
19,26,194
18,25,194
19,25,194
18,24,195
18,24,194
16,21,195
15,21,196
15,20,196
16,21,196
15,21,197
14,20,196
17,30,194
16,31,194
17,29,195
13,23,196
14,25,196
14,27,195
13,20,197
13,32,191
15,31,191
15,32,191
16,32,190
16,31,191
18,31,191
17,31,191
18,31,192
18,31,193
17,32,194
16,32,194
13,33,193
13,32,193
13,33,192
15,34,190
16,33,190
17,35,189
17,35,188
18,35,188
17,33,190
19,32,190
19,32,191
20,34,189
20,34,190
20,34,191
19,33,192
18,33,193
19,35,191
18,35,192
17,34,193
16,34,193
17,36,191
17,36,190
15,34,192
15,34,191
16,36,190
21,38,187
21,38,186
21,40,184
22,40,185
20,38,186
21,42,182
22,42,182
21,38,188
22,40,186
22,43,182
22,43,183
20,39,189
21,39,189
21,41,186
21,43,183
19,39,188
20,41,186
20,41,185
20,43,182
19,39,186
19,39,187
20,41,184
20,43,181
22,45,180
23,45,180
22,45,179
22,49,178
22,48,178
23,49,178
23,46,180
23,48,178
22,46,180
22,46,181
22,49,179
21,46,180
21,49,178
21,46,179
22,52,176
22,55,175
23,52,177
22,52,177
22,53,177
22,53,176
21,52,177
18,33,190
19,34,189
20,40,184
21,43,181
21,45,179
14,28,195
15,28,195
19,27,193
18,28,194
17,28,195
30,-60,173
28,-60,173
31,-60,174
24,-60,175
23,-60,177
25,-60,174
26,-60,182
28,-60,182
24,-60,181
32,-60,179
32,-60,178
31,-60,181
23,-60,179
32,-58,173
32,-60,174
33,-60,175
30,-60,182
26,-60,173
13,12,192
13,11,194
14,10,194
13,9,195
13,10,195
15,14,194
15,13,193
15,13,194
17,13,195
17,14,195
17,12,196
17,13,196
17,13,197
16,12,197
16,11,197
16,12,196
22,-5,159
22,-6,160
21,-6,159
21,-7,158
21,-8,156
21,-9,155
22,-10,154
19,-11,157
22,-10,152
22,-10,151
24,-10,149
23,-11,150
27,-7,161
28,-1,158
25,-4,160
31,3,155
34,8,153
37,13,151
38,14,150
39,15,150
40,17,149
40,20,149
42,22,149
42,25,149
43,27,149
45,34,150
23,-6,161
47,44,152
48,44,152
18,37,187
19,36,187
18,37,188
21,36,189
21,36,190
21,36,188
20,37,190
19,37,191
19,37,190
18,38,189
18,38,188
20,36,187
15,-27,192
15,-46,158
15,-13,190
15,-40,113
15,-42,117
16,-47,180
18,-47,180
19,-36,190
18,-1,185
17,2,184
19,-5,186
17,4,183
16,7,182
16,18,179
16,20,179
16,14,180
16,22,179
13,22,181
13,22,182
13,21,183
13,20,184
13,19,185
13,14,191
19,-47,167
21,-20,191
14,-43,186
14,-46,183
20,-8,188
14,-15,152
14,-15,145
19,-43,148
19,-42,143
15,-17,139
19,-42,140
19,-19,129
15,-42,136
16,21,179
16,10,181
14,10,198
15,11,198
14,11,198
14,9,197
15,10,197
15,12,197
15,13,198
14,-49,174
14,-49,177
19,-43,130
14,-20,122
19,-37,110
19,-36,109
14,-23,107
14,-26,105
19,-36,108
14,-27,103
14,-28,102
19,-38,106
19,-40,105
14,-30,101
14,-32,99
19,-43,102
19,-47,98
14,-35,97
14,-39,93
19,-50,95
19,-53,91
14,-43,90
14,-47,87
18,-57,88
18,-60,84
14,-50,83
14,-54,79
17,-64,80
17,-67,75
14,-57,75
13,-59,70
17,-69,69
17,-71,63
14,-62,66
14,-63,61
17,-72,58
16,-73,53
13,-64,57
13,-65,52
16,-73,48
16,-73,43
13,-66,47
14,-66,42
16,-73,38
16,-72,33
13,-65,38
13,-64,33
15,-71,29
15,-70,25
13,-64,29
13,-62,24
15,-68,20
15,-66,15
13,-61,20
13,-60,15
14,-42,121
19,-20,114
22,-14,156
24,-13,154
25,-13,153
26,-12,150
27,-12,150
26,-13,153
15,16,189
15,17,188
16,18,188
16,16,189
14,17,186
15,18,186
16,18,187
14,11,194
14,10,195
15,11,195
15,10,195
13,13,198
13,15,198
14,13,198
14,14,198
38,-29,175
31,-15,177
28,-13,177
26,-13,177
19,29,175
19,30,182
19,29,184
19,27,186
20,25,188
20,24,189
20,23,189
18,15,194
17,14,194
35,-43,176
13,9,198
13,10,198
37,-36,170
33,-49,173
32,-53,173
32,-56,173
34,-69,177
34,-70,178
34,-70,177
33,-70,176
21,-1,175
20,1,174
22,-5,175
20,4,174
20,6,173
19,17,169
19,20,169
19,13,170
19,28,170
19,26,169
34,-71,178
33,-71,177
35,-21,170
22,-8,174
19,23,169
19,9,171
18,34,177
34,-65,179
33,-63,177
18,21,193
19,22,193
18,22,193
19,24,193
20,23,192
20,24,191
20,25,192
20,23,191
33,-60,176
16,13,197
16,14,197
15,18,196
15,16,197
17,22,194
18,22,194
18,23,193
18,23,194
16,21,194
19,25,193
19,23,193
18,24,193
17,23,195
17,22,195
17,22,196
19,22,192
20,21,192
20,22,192
18,23,195
17,23,196
19,26,192
19,27,192
19,20,191
19,21,191
20,22,191
20,22,190
20,21,190
19,21,190
19,20,189
18,19,189
18,19,188
17,19,189
17,18,189
17,17,189
17,18,190
17,17,190
17,16,191
17,16,190
17,15,191
16,14,192
17,14,192
16,14,193
16,13,193
16,12,194
16,12,195
16,11,195
15,10,196
14,10,196
13,9,196
48,53,157
48,54,157
48,54,159
49,54,158
49,54,157
49,53,157
50,53,157
49,54,159
50,53,159
50,53,158
50,52,158
49,52,160
49,52,158
49,51,158
49,52,159
48,53,160
48,52,158
48,53,159
47,52,158
47,53,159
47,53,158
48,54,161
49,54,160
49,54,163
49,54,161
49,53,161
48,53,161
47,47,153
48,49,156
48,50,157
33,-71,126
33,-72,127
34,-73,127
34,-72,126
33,-72,128
34,-74,127
34,-73,125
34,-75,126
34,-75,125
34,-75,127
33,-75,127
33,-76,126
33,-75,125
32,-76,127
32,-76,125
33,-76,127
32,-75,128
31,-76,126
31,-75,127
32,-74,128
31,-74,127
31,-73,128
31,-72,128
32,-73,128
32,-72,128
31,-71,128
32,-71,128
32,-71,127
29,-71,128
29,-72,128
30,-71,128
29,-72,129
30,-72,129
31,-74,128
31,-75,128
31,-76,128
31,-76,127
30,-76,127
30,-76,126
30,-76,128
29,-76,128
29,-76,127
29,-75,128
29,-75,127
29,-74,129
29,-74,128
29,-73,128
29,-73,129
28,-76,128
27,-76,127
27,-76,126
28,-75,128
27,-76,128
27,-75,128
26,-76,126
26,-75,127
26,-75,128
26,-74,128
26,-74,127
26,-73,128
26,-72,128
27,-72,128
26,-71,128
27,-71,128
28,-71,128
27,-72,129
28,-72,129
28,-72,128
28,-73,129
24,-71,126
24,-72,127
25,-72,128
25,-71,127
24,-72,128
25,-75,128
25,-75,127
26,-75,125
24,-75,127
24,-75,125
24,-74,127
24,-74,125
24,-73,125
24,-73,127
24,-72,126
24,-73,128
25,-73,128
25,-74,128
24,-75,128
24,-74,128
34,-73,128
33,-73,128
34,-74,128
33,-75,128
32,-73,129
33,-72,129
31,-72,129
31,-73,129
31,-74,129
30,-75,128
30,-75,129
29,-75,129
28,-75,129
27,-75,129
26,-74,129
26,-73,129
27,-73,129
28,-74,129
24,-73,129
25,-73,129
24,-74,130
25,-74,130
25,-74,129
25,-75,129
24,-74,129
34,-73,129
34,-74,129
34,-75,129
33,-75,129
32,-75,129
32,-74,129
33,-74,129
33,-74,130
33,-73,129
30,-73,130
30,-74,130
31,-74,130
31,-73,130
31,-75,130
31,-75,129
30,-75,130
27,-75,130
26,-74,130
27,-73,130
27,-74,130
28,-73,130
28,-74,130
24,-75,131
24,-75,130
34,-75,130
34,-74,130
33,-75,130
31,-74,131
31,-75,131
30,-75,131
30,-74,131
27,-75,131
26,-75,131
26,-74,131
27,-74,131
34,-72,190
34,-73,190
34,-72,191
34,-73,191
34,-74,191
34,-74,190
33,-74,190
33,-74,191
32,-74,191
31,-74,191
31,-73,191
31,-73,190
32,-72,191
31,-72,191
33,-71,190
33,-72,191
28,-72,191
29,-71,191
29,-71,190
28,-72,192
29,-72,192
30,-72,191
30,-74,191
29,-75,191
29,-75,190
29,-75,192
28,-74,192
28,-75,191
27,-75,191
28,-73,191
27,-73,191
28,-73,192
26,-75,191
26,-75,190
26,-74,192
25,-75,192
24,-74,191
24,-75,190
24,-73,191
24,-73,190
24,-72,191
26,-71,191
25,-72,192
26,-72,192
27,-72,191
27,-73,192
21,-72,190
22,-71,190
22,-71,189
21,-72,191
22,-72,191
23,-72,191
23,-73,191
23,-74,191
22,-75,190
22,-75,189
22,-75,191
21,-74,191
21,-74,190
21,-73,190
21,-73,191
21,-72,192
22,-72,192
23,-72,192
23,-73,192
23,-74,192
22,-74,191
22,-74,192
21,-74,192
21,-73,192
29,-72,193
30,-72,192
31,-73,192
30,-73,192
30,-74,192
29,-74,192
29,-74,193
28,-73,193
34,-72,192
34,-73,192
34,-74,192
33,-74,192
32,-74,192
32,-73,192
32,-72,192
33,-72,192
26,-74,193
24,-74,192
24,-73,192
24,-72,192
26,-72,193
26,-73,193
21,-73,193
22,-72,193
21,-73,194
22,-73,194
22,-73,193
23,-73,193
22,-74,194
22,-74,193
21,-74,194
21,-74,193
29,-72,194
30,-72,194
29,-73,195
30,-73,195
30,-72,193
30,-73,193
30,-73,194
30,-74,195
30,-74,193
30,-74,194
29,-74,195
29,-74,194
29,-73,194
34,-72,193
34,-73,193
34,-73,194
34,-74,194
34,-74,193
33,-74,193
33,-74,194
32,-74,193
32,-73,193
32,-73,194
33,-73,194
32,-72,193
33,-72,193
26,-74,194
25,-74,194
26,-74,195
25,-74,195
25,-74,193
24,-73,193
24,-73,194
25,-73,195
25,-72,193
25,-72,194
26,-73,195
26,-72,194
26,-73,194
21,-73,195
22,-73,195
21,-74,195
22,-74,195
30,-74,196
33,-73,195
33,-74,195
25,-74,196
24,-74,195
29,-70,188
30,-68,187
30,-67,185
23,-70,187
23,-69,185
24,-67,184
31,-71,126
30,-70,126
30,-70,125
29,-70,126
31,-68,121
30,-68,121
30,-69,122
30,-66,119
29,-67,121
30,-62,118
30,-64,118
26,-71,126
25,-70,126
25,-70,124
24,-71,125
26,-68,121
25,-68,120
25,-69,122
25,-66,119
24,-68,119
26,-61,117
25,-64,118
16,13,195
16,15,194
16,14,194
14,13,195
15,15,194
15,16,193
16,16,192
17,16,192
17,15,193
17,15,194
17,18,191
17,17,192
15,18,192
15,19,191
17,19,191
18,19,191
18,21,191
18,20,191
16,21,191
16,22,192
17,22,192
15,11,197
14,11,197
15,12,196
14,12,196
13,9,197
13,10,197
14,10,197
13,11,197
15,23,192
14,22,192
16,23,188
14,23,188
13,23,188
13,22,188
14,22,187
16,22,188
17,20,189
15,19,189
15,19,190
15,18,190
16,18,190
16,16,191
17,17,191
16,15,192
16,15,193
16,13,194
15,12,195
15,11,196
13,10,196
13,11,196
13,15,194
14,16,192
13,13,195
14,18,191
14,19,191
14,21,191
13,12,196
14,17,190
14,16,191
14,14,193
14,13,194
14,12,195
18,21,190
18,22,191
22,-72,181
23,-72,179
22,-73,181
31,-72,177
32,-72,176
30,-73,177
30,-73,176
31,-73,176
33,-71,176
32,-72,175
25,-73,175
25,-73,176
24,-73,177
25,-73,179
25,-74,181
23,-73,181
24,-73,179
25,-74,182
23,-74,182
24,-75,184
23,-74,184
24,-75,185
22,-75,185
24,-75,188
22,-75,187
26,-75,188
26,-74,185
28,-74,185
27,-75,188
26,-74,184
26,-74,182
28,-74,182
28,-74,184
26,-74,181
26,-73,179
28,-73,179
28,-73,181
25,-73,178
27,-73,177
27,-73,176
28,-73,176
28,-73,177
27,-71,174
27,-72,174
27,-70,174
28,-70,174
28,-71,174
28,-73,174
27,-69,174
28,-69,173
29,-69,174
29,-70,174
29,-71,174
29,-72,174
30,-73,175
29,-73,175
29,-73,176
28,-73,175
29,-74,180
29,-73,178
29,-74,182
29,-74,184
29,-75,185
29,-75,188
23,-71,178
23,-72,178
24,-73,178
27,-73,175
29,-73,177
18,19,190
18,17,191
18,16,192
17,16,193
18,15,193
18,14,194
16,13,196
16,11,196
18,18,190
17,13,194
17,12,195
17,15,192
17,14,193
15,22,187
13,22,187
13,21,187
14,21,187
15,21,187
19,22,191
19,20,190
18,20,189
16,21,188
14,20,188
13,21,188
17,22,189
17,21,189
17,21,188
15,12,198
14,12,198
13,11,198
15,15,197
15,14,197
15,13,197
14,14,197
15,14,195
15,13,195
16,22,196
15,22,197
13,21,197
27,-68,121
34,-69,117
34,-70,116
33,-68,119
29,-73,112
31,-73,113
33,-72,113
24,-71,114
23,-70,116
25,-72,113
34,-71,114
24,-69,118
32,-68,120
30,-65,119
25,-65,118
28,-54,108
28,-54,109
30,-57,108
29,-57,108
27,-57,108
27,-61,110
26,-64,110
26,-66,110
26,-69,111
27,-71,112
27,-72,113
27,-74,114
27,-74,116
27,-74,120
28,-70,126
34,-72,124
34,-73,123
33,-71,125
31,-75,123
29,-75,123
33,-75,123
24,-74,123
24,-73,123
25,-74,123
34,-74,123
24,-72,124
32,-70,126
30,-69,124
25,-69,123
26,-75,123
27,-11,151
31,-7,146
28,-11,151
35,-3,139
41,9,126
41,12,123
42,12,121
42,13,122
42,14,121
43,14,120
43,16,121
44,16,120
44,17,122
44,19,122
44,20,119
45,22,123
45,23,119
45,24,124
45,25,124
45,25,120
45,26,125
45,27,121
46,28,126
46,30,124
46,32,129
46,32,128
46,35,128
47,38,135
47,39,135
48,44,140
48,43,140
49,47,145
49,47,144
49,49,147
49,49,148
49,50,149
49,50,148
49,50,146
49,51,139
48,51,129
47,49,114
47,50,114
46,45,101
46,41,85
46,35,74
46,36,71
46,30,60
45,30,61
45,24,55
45,24,51
45,18,43
45,13,41
45,8,30
44,4,25
45,4,24
44,-3,18
44,-6,17
44,-7,16
44,-5,21
45,1,35
45,4,46
45,-1,45
45,-1,46
44,-5,48
44,-7,46
43,-9,46
43,-10,44
44,-9,47
44,-8,48
44,-5,53
44,-2,59
44,-2,60
44,2,69
44,-1,64
44,-4,64
44,-3,65
43,-5,68
43,-6,67
43,-4,79
43,-4,80
43,-3,80
44,2,96
43,-1,92
43,-2,99
43,-5,103
43,-6,102
42,-2,113
42,-3,113
41,-2,128
40,-3,128
38,-4,135
38,-5,135
35,-5,140
35,-6,140
34,-7,140
30,-9,146
27,-11,150
26,-12,152
27,-5,143
31,-2,138
25,-8,147
25,-9,147
25,-9,146
30,-5,140
30,-6,139
34,-4,134
37,-2,128
36,-3,128
38,-3,121
38,-2,121
38,-2,113
38,-3,113
38,-4,113
38,-5,107
39,-5,107
39,-4,107
39,-4,103
39,-5,102
39,-6,102
39,-3,99
39,-2,99
40,2,96
41,-4,79
41,-3,79
41,-5,67
41,-6,66
41,-4,64
41,-3,65
41,2,69
41,-1,64
41,-2,59
42,-2,60
42,-5,53
42,-9,47
43,-8,48
43,-7,46
43,-4,48
42,-1,45
42,-1,46
42,4,46
42,2,41
43,1,35
43,-5,21
43,-6,17
43,-7,16
43,-3,18
43,4,25
43,9,30
43,8,30
42,13,41
42,13,36
43,13,36
42,19,43
42,18,43
42,25,55
42,25,51
42,30,61
43,31,60
43,35,74
42,36,71
43,36,71
43,41,85
43,42,85
43,45,101
44,49,114
45,51,129
45,51,128
46,51,139
46,52,139
46,50,146
46,51,146
47,51,146
47,50,149
47,51,149
47,50,148
47,49,148
46,47,145
45,44,140
45,43,140
44,38,135
44,39,135
43,35,129
43,32,129
43,30,124
42,29,126
42,27,122
42,26,125
42,25,120
42,25,125
42,25,124
42,23,119
42,24,124
42,23,123
41,20,119
40,19,122
40,17,120
39,17,121
39,16,121
39,14,120
39,15,121
38,13,121
38,14,122
38,12,123
37,9,126
34,4,132
34,-5,141
35,-4,140
34,-6,142
27,-12,152
36,-2,137
38,3,132
40,6,128
41,3,127
41,4,127
40,-1,130
38,-4,134
36,-4,138
35,-4,139
41,9,125
41,11,123
42,11,121
42,5,118
42,6,117
41,0,116
41,-2,121
41,-1,126
41,4,126
42,12,120
42,4,112
43,4,112
42,-3,106
42,-4,108
42,-1,112
46,37,127
48,43,137
48,47,134
48,47,135
48,50,127
47,49,115
46,45,107
46,40,115
46,40,114
48,45,140
48,47,144
48,50,139
48,50,134
47,49,147
46,47,144
46,46,140
46,48,135
45,48,135
46,50,134
46,50,139
47,50,146
45,43,137
43,37,127
43,40,115
43,45,108
44,49,115
45,50,127
46,47,134
43,35,125
43,32,128
43,31,121
43,33,100
43,33,99
43,36,82
43,41,86
43,43,99
43,40,114
40,15,118
40,16,121
39,13,118
39,5,111
39,-2,103
40,-2,99
40,3,100
40,10,109
38,11,121
38,9,125
38,4,126
37,4,127
38,0,126
38,0,116
38,6,117
37,6,127
34,3,132
32,-1,137
31,-4,139
30,-4,139
32,-4,138
34,-3,134
36,-1,130
29,-4,140
25,-8,146
30,-4,140
43,13,118
43,15,118
43,9,109
44,9,109
43,3,100
43,-2,103
39,14,121
38,12,120
38,0,112
39,-4,108
39,-3,106
39,5,112
45,31,120
46,35,125
46,43,99
45,36,82
45,33,100
46,32,99
43,30,120
43,29,126
43,27,116
43,26,89
42,26,88
43,26,64
43,30,61
43,33,75
43,32,99
45,27,116
45,28,126
45,30,119
45,32,99
45,33,75
45,26,64
45,26,89
45,26,88
43,26,116
43,26,125
43,24,114
43,19,81
42,19,80
43,16,49
43,18,44
43,23,58
43,25,88
45,24,114
45,26,116
45,25,88
45,23,58
45,18,44
45,16,49
45,19,81
45,19,80
45,6,51
45,14,83
45,22,114
45,23,113
45,18,80
45,12,45
44,-2,20
44,-5,18
44,-4,21
44,-1,28
43,13,45
43,19,80
43,23,113
43,25,124
43,22,114
42,14,83
43,6,51
43,-1,28
43,-4,21
43,-5,18
43,-2,20
42,5,54
42,21,113
42,19,115
41,12,94
41,11,94
41,4,72
42,-1,60
42,-5,54
43,-7,49
43,-8,47
43,-7,48
43,-1,46
44,3,72
44,12,94
44,11,94
44,19,115
45,21,113
45,13,83
45,5,54
44,-1,46
44,-4,48
44,-7,48
44,-7,49
44,-5,54
43,3,95
44,10,108
44,16,118
44,19,121
44,18,115
44,3,73
43,-3,65
43,-2,80
41,3,73
41,18,115
41,19,121
40,16,118
40,10,108
40,3,95
41,-2,80
41,-5,68
49,52,151
49,52,152
49,53,153
49,53,154
43,42,84
43,25,51
43,19,43
43,14,36
42,-4,84
30,-10,146
37,-5,135
40,-4,98
40,-6,102
39,-6,107
39,-4,113
38,-4,121
14,-48,180
16,-13,161
13,18,186
16,22,191
15,22,191
13,22,189
14,22,190
-2,-15,185
27,-15,185
